0,1
0,pendidikan dan penelitian
1,ekonomi dan bisnis
2,ekonomi dan bisnis
3,ekonomi dan bisnis
4,ekonomi dan bisnis
5,hiburan
6,hiburan
7,pendidikan dan penelitian
8,pendidikan dan penelitian
9,pendidikan dan penelitian
10,pendidikan dan penelitian
11,pendidikan dan penelitian
12,pendidikan dan penelitian
13,pendidikan dan penelitian
14,ekonomi dan bisnis
15,sosial kemasyarakatan
16,sosial kemasyarakatan
17,sosial kemasyarakatan
18,sosial kemasyarakatan
19,sosial kemasyarakatan
20,hiburan
21,media
22,pendidikan dan penelitian
23,pendidikan dan penelitian
24,media
25,pendidikan dan penelitian
26,pendidikan dan penelitian
27,pendidikan dan penelitian
28,pendidikan dan penelitian
29,hiburan
30,hiburan
31,hiburan
32,hobi
33,hiburan
34,hiburan
35,hiburan
36,hiburan
37,ekonomi dan bisnis
38,ekonomi dan bisnis
39,ekonomi dan bisnis
40,ekonomi dan bisnis
41,ekonomi dan bisnis
42,ekonomi dan bisnis
43,ekonomi dan bisnis
44,pendidikan dan penelitian
45,hobi
46,sosial kemasyarakatan
47,sosial kemasyarakatan
48,media
49,media
50,media
51,hiburan
52,sains dan teknologi
53,sains dan teknologi
54,pendidikan dan penelitian
55,pendidikan dan penelitian
56,pendidikan dan penelitian
57,pendidikan dan penelitian
58,pendidikan dan penelitian
59,pendidikan dan penelitian
60,pendidikan dan penelitian
61,ekonomi dan bisnis
62,seni
63,ekonomi dan bisnis
64,ekonomi dan bisnis
65,ekonomi dan bisnis
66,ekonomi dan bisnis
67,ekonomi dan bisnis
68,ekonomi dan bisnis
69,hobi
70,hobi
71,hiburan
72,hiburan
73,hiburan
74,hiburan
75,sosial kemasyarakatan
76,sosial kemasyarakatan
77,sosial kemasyarakatan
78,sosial kemasyarakatan
79,sosial kemasyarakatan
80,pendidikan dan penelitian
81,sains dan teknologi
82,sains dan teknologi
83,sosial kemasyarakatan
84,hiburan
85,hiburan
86,hiburan
87,hiburan
88,kesehatan
89,kesehatan
90,kesehatan
91,hiburan
92,pendidikan dan penelitian
93,pendidikan dan penelitian
94,hobi
95,hobi
96,hobi
97,hobi
98,hiburan
99,hiburan
100,seni
101,seni
102,sains dan teknologi
103,sains dan teknologi
104,sains dan teknologi
105,sains dan teknologi
106,hiburan
107,hiburan
108,hiburan
109,sosial kemasyarakatan
110,hiburan
111,sosial kemasyarakatan
112,sosial kemasyarakatan
113,sosial kemasyarakatan
114,hiburan
115,pendidikan dan penelitian
116,pendidikan dan penelitian
117,sosial kemasyarakatan
118,sosial kemasyarakatan
119,pendidikan dan penelitian
120,pendidikan dan penelitian
121,media
122,media
123,hiburan
124,hiburan
125,hiburan
126,sains dan teknologi
127,sains dan teknologi
128,hiburan
129,pendidikan dan penelitian
130,hobi
131,ekonomi dan bisnis
132,ekonomi dan bisnis
133,pendidikan dan penelitian
134,pendidikan dan penelitian
135,pendidikan dan penelitian
136,pendidikan dan penelitian
137,hobi
138,seni
139,seni
140,hiburan
141,hiburan
142,hiburan
143,pendidikan dan penelitian
144,pendidikan dan penelitian
145,seni
146,hiburan
147,hiburan
148,sosial kemasyarakatan
149,pendidikan dan penelitian
150,olahraga
151,olahraga
152,olahraga
153,olahraga
154,olahraga
155,sains dan teknologi
156,pendidikan dan penelitian
157,pendidikan dan penelitian
158,pendidikan dan penelitian
159,pendidikan dan penelitian
160,pendidikan dan penelitian
161,hiburan
162,hiburan
163,sosial kemasyarakatan
164,pendidikan dan penelitian
165,pendidikan dan penelitian
166,hiburan
167,hiburan
168,hiburan
169,hiburan
170,hiburan
171,hiburan
172,hiburan
173,ekonomi dan bisnis
174,ekonomi dan bisnis
175,ekonomi dan bisnis
176,sosial kemasyarakatan
177,sosial kemasyarakatan
178,hobi
179,hobi
180,hobi
181,hiburan
182,hiburan
183,hiburan
184,hiburan
185,hiburan
186,media
187,media
188,ekonomi dan bisnis
189,sains dan teknologi
190,sains dan teknologi
191,sains dan teknologi
192,sosial kemasyarakatan
193,hiburan
194,hobi
195,hobi
196,hobi
197,ekonomi dan bisnis
198,hiburan
199,hobi
200,hobi
201,hobi
202,hobi
203,sosial kemasyarakatan
204,sosial kemasyarakatan
205,sosial kemasyarakatan
206,sosial kemasyarakatan
207,sosial kemasyarakatan
208,hiburan
209,pendidikan dan penelitian
210,pendidikan dan penelitian
211,pendidikan dan penelitian
212,pendidikan dan penelitian
213,hiburan
214,hiburan
215,sosial kemasyarakatan
216,sosial kemasyarakatan
217,sosial kemasyarakatan
218,sosial kemasyarakatan
219,sosial kemasyarakatan
220,hobi
221,olahraga
222,olahraga
223,olahraga
224,olahraga
225,olahraga
226,olahraga
227,olahraga
228,olahraga
229,olahraga
230,olahraga
231,sosial kemasyarakatan
232,ekonomi dan bisnis
233,ekonomi dan bisnis
234,media
235,media
236,hiburan
237,hiburan
238,sosial kemasyarakatan
239,sosial kemasyarakatan
240,sosial kemasyarakatan
241,sosial kemasyarakatan
242,sosial kemasyarakatan
243,hiburan
244,hiburan
245,ekonomi dan bisnis
246,ekonomi dan bisnis
247,sosial kemasyarakatan
248,sosial kemasyarakatan
249,sosial kemasyarakatan
250,ekonomi dan bisnis
251,ekonomi dan bisnis
252,ekonomi dan bisnis
253,sains dan teknologi
254,sains dan teknologi
255,sains dan teknologi
256,pendidikan dan penelitian
257,hospitality & tourism
258,hospitality & tourism
259,hospitality & tourism
260,pendidikan dan penelitian
261,sosial kemasyarakatan
262,hobi
263,hobi
264,hiburan
265,seni
266,seni
267,seni
268,sosial kemasyarakatan
269,pendidikan dan penelitian
270,hiburan
271,hiburan
272,sains dan teknologi
273,hospitality & tourism
274,hospitality & tourism
275,hospitality & tourism
276,hiburan
277,sains dan teknologi
278,sains dan teknologi
279,sains dan teknologi
280,media
281,media
282,media
283,media
284,hiburan
285,hiburan
286,hiburan
287,hiburan
288,media
289,media
290,hiburan
291,hiburan
292,hiburan
293,sains dan teknologi
294,hiburan
295,sains dan teknologi
296,hiburan
297,hiburan
298,hiburan
299,pendidikan dan penelitian
300,hiburan
301,hiburan
302,hiburan
303,hiburan
304,sosial kemasyarakatan
305,sosial kemasyarakatan
306,hospitality & tourism
307,hospitality & tourism
308,hospitality & tourism
309,hospitality & tourism
310,hospitality & tourism
311,hospitality & tourism
312,hiburan
313,sosial kemasyarakatan
314,sosial kemasyarakatan
315,sosial kemasyarakatan
316,sosial kemasyarakatan
317,ekonomi dan bisnis
318,ekonomi dan bisnis
319,ekonomi dan bisnis
320,ekonomi dan bisnis
321,ekonomi dan bisnis
322,ekonomi dan bisnis
323,hiburan
324,hiburan
325,hiburan
326,hiburan
327,hiburan
328,hiburan
329,media
330,hiburan
331,hiburan
332,hobi
333,hobi
334,hiburan
335,hiburan
336,pendidikan dan penelitian
337,sosial kemasyarakatan
338,sains dan teknologi
339,pendidikan dan penelitian
340,pendidikan dan penelitian
341,media
342,sains dan teknologi
343,hiburan
344,hiburan
345,hiburan
346,pendidikan dan penelitian
347,pendidikan dan penelitian
348,sosial kemasyarakatan
349,sosial kemasyarakatan
350,sosial kemasyarakatan
351,ekonomi dan bisnis
352,seni
353,seni
354,seni
355,seni
356,hiburan
357,hiburan
358,hiburan
359,pendidikan dan penelitian
360,olahraga
361,olahraga
362,olahraga
363,olahraga
364,olahraga
365,olahraga
366,olahraga
367,sosial kemasyarakatan
368,sosial kemasyarakatan
369,sosial kemasyarakatan
370,hiburan
371,hiburan
372,hiburan
373,sosial kemasyarakatan
374,pendidikan dan penelitian
375,hiburan
376,hiburan
377,sosial kemasyarakatan
378,sosial kemasyarakatan
379,media
380,pendidikan dan penelitian
381,sosial kemasyarakatan
382,sosial kemasyarakatan
383,sosial kemasyarakatan
384,sosial kemasyarakatan
385,hiburan
386,hiburan
387,hiburan
388,sosial kemasyarakatan
389,sosial kemasyarakatan
390,pendidikan dan penelitian
391,pendidikan dan penelitian
392,media
393,media
394,media
395,ekonomi dan bisnis
396,sosial kemasyarakatan
397,sosial kemasyarakatan
398,hiburan
399,sosial kemasyarakatan
400,sosial kemasyarakatan
401,sosial kemasyarakatan
402,sosial kemasyarakatan
403,media
404,media
405,media
406,sosial kemasyarakatan
407,hiburan
408,sosial kemasyarakatan
409,sosial kemasyarakatan
410,hiburan
411,hiburan
412,hiburan
413,hiburan
414,media
415,media
416,sosial kemasyarakatan
417,sosial kemasyarakatan
418,sosial kemasyarakatan
419,sosial kemasyarakatan
420,hiburan
421,hiburan
422,hiburan
423,hiburan
424,hiburan
425,pendidikan dan penelitian
426,pendidikan dan penelitian
427,pendidikan dan penelitian
428,pendidikan dan penelitian
429,pendidikan dan penelitian
430,media
431,media
432,ekonomi dan bisnis
433,sosial kemasyarakatan
434,hiburan
435,hiburan
436,hiburan
437,pendidikan dan penelitian
438,sains dan teknologi
439,hiburan
440,sosial kemasyarakatan
441,sosial kemasyarakatan
442,media
443,media
444,hiburan
445,hiburan
446,hiburan
447,hiburan
448,hobi
449,hobi
450,sosial kemasyarakatan
451,sosial kemasyarakatan
452,sosial kemasyarakatan
453,sosial kemasyarakatan
454,sosial kemasyarakatan
455,pendidikan dan penelitian
456,pendidikan dan penelitian
457,pendidikan dan penelitian
458,pendidikan dan penelitian
459,sosial kemasyarakatan
460,sains dan teknologi
461,hiburan
462,hiburan
463,hiburan
464,hobi
465,hobi
466,hobi
467,hiburan
468,hiburan
469,hiburan
470,sosial kemasyarakatan
471,sosial kemasyarakatan
472,hiburan
473,hiburan
474,hiburan
475,hiburan
476,hiburan
477,hiburan
478,pendidikan dan penelitian
479,media
480,sosial kemasyarakatan
481,sosial kemasyarakatan
482,sosial kemasyarakatan
483,sosial kemasyarakatan
484,sosial kemasyarakatan
485,sosial kemasyarakatan
486,hiburan
487,hiburan
488,hiburan
489,hiburan
490,media
491,pendidikan dan penelitian
492,hiburan
493,hiburan
494,hiburan
495,hiburan
496,hiburan
497,hiburan
498,hiburan
499,hiburan
500,hiburan
501,media
502,media
503,media
504,media
505,media
506,hiburan
507,hiburan
508,hiburan
509,hiburan
510,hiburan
511,hiburan
512,hiburan
513,hiburan
514,hiburan
515,pendidikan dan penelitian
516,sosial kemasyarakatan
517,sosial kemasyarakatan
518,sosial kemasyarakatan
519,pendidikan dan penelitian
520,ekonomi dan bisnis
521,sosial kemasyarakatan
522,sosial kemasyarakatan
523,hobi
524,hiburan
525,media
526,media
527,media
528,seni
529,media
530,media
531,media
532,media
533,media
534,media
535,media
536,media
537,sosial kemasyarakatan
538,sosial kemasyarakatan
539,pendidikan dan penelitian
540,pendidikan dan penelitian
541,sains dan teknologi
542,sains dan teknologi
543,pendidikan dan penelitian
544,media
545,media
546,hiburan
547,hiburan
548,pendidikan dan penelitian
549,pendidikan dan penelitian
550,sains dan teknologi
551,sains dan teknologi
552,hobi
553,media
554,seni
555,seni
556,hobi
557,hobi
558,hiburan
559,seni
560,hiburan
561,hiburan
562,hiburan
563,hiburan
564,sosial kemasyarakatan
565,sosial kemasyarakatan
566,sosial kemasyarakatan
567,sosial kemasyarakatan
568,sosial kemasyarakatan
569,sosial kemasyarakatan
570,ekonomi dan bisnis
571,ekonomi dan bisnis
572,hiburan
573,hiburan
574,hiburan
575,hiburan
576,hiburan
577,hiburan
578,hiburan
579,hiburan
580,sosial kemasyarakatan
581,sosial kemasyarakatan
582,olahraga
583,olahraga
584,hobi
585,hobi
586,hobi
587,hobi
588,hobi
589,pendidikan dan penelitian
590,hiburan
591,hiburan
592,sosial kemasyarakatan
593,sains dan teknologi
594,pendidikan dan penelitian
595,pendidikan dan penelitian
596,hiburan
597,hiburan
598,hiburan
599,hiburan
600,hiburan
601,hiburan
602,hiburan
603,hiburan
604,hiburan
605,sosial kemasyarakatan
606,sosial kemasyarakatan
607,pendidikan dan penelitian
608,pendidikan dan penelitian
609,pendidikan dan penelitian
610,pendidikan dan penelitian
611,hiburan
612,hiburan
613,olahraga
614,sains dan teknologi
615,sosial kemasyarakatan
616,pendidikan dan penelitian
617,pendidikan dan penelitian
618,ekonomi dan bisnis
619,ekonomi dan bisnis
620,sosial kemasyarakatan
621,sosial kemasyarakatan
622,sosial kemasyarakatan
623,ekonomi dan bisnis
624,ekonomi dan bisnis
625,pendidikan dan penelitian
626,ekonomi dan bisnis
627,media
628,media
629,pendidikan dan penelitian
630,media
631,media
632,ekonomi dan bisnis
633,media
634,sosial kemasyarakatan
635,sosial kemasyarakatan
636,sosial kemasyarakatan
637,sains dan teknologi
638,hiburan
639,sains dan teknologi
640,sains dan teknologi
641,sains dan teknologi
642,sains dan teknologi
643,seni
644,seni
645,pendidikan dan penelitian
646,pendidikan dan penelitian
647,pendidikan dan penelitian
648,pendidikan dan penelitian
649,pendidikan dan penelitian
650,pendidikan dan penelitian
651,pendidikan dan penelitian
652,hiburan
653,hospitality & tourism
654,pendidikan dan penelitian
655,pendidikan dan penelitian
656,pendidikan dan penelitian
657,hiburan
658,hiburan
659,hiburan
660,hiburan
661,hiburan
662,hiburan
663,hiburan
664,hiburan
665,hiburan
666,ekonomi dan bisnis
667,sains dan teknologi
668,sains dan teknologi
669,sains dan teknologi
670,sains dan teknologi
671,sosial kemasyarakatan
672,sosial kemasyarakatan
673,sosial kemasyarakatan
674,sosial kemasyarakatan
675,sains dan teknologi
676,hiburan
677,sosial kemasyarakatan
678,sosial kemasyarakatan
679,sosial kemasyarakatan
680,sosial kemasyarakatan
681,sosial kemasyarakatan
682,sosial kemasyarakatan
683,sosial kemasyarakatan
684,sains dan teknologi
685,sains dan teknologi
686,sains dan teknologi
687,sains dan teknologi
688,pendidikan dan penelitian
689,pendidikan dan penelitian
690,pendidikan dan penelitian
691,sosial kemasyarakatan
692,hiburan
693,hiburan
694,hobi
695,hiburan
696,ekonomi dan bisnis
697,ekonomi dan bisnis
698,ekonomi dan bisnis
699,sains dan teknologi
700,sosial kemasyarakatan
701,sosial kemasyarakatan
702,hiburan
703,pendidikan dan penelitian
704,pendidikan dan penelitian
705,pendidikan dan penelitian
706,pendidikan dan penelitian
707,hiburan
708,hiburan
709,hiburan
710,hiburan
711,hiburan
712,hiburan
713,media
714,media
715,ekonomi dan bisnis
716,pendidikan dan penelitian
717,pendidikan dan penelitian
718,pendidikan dan penelitian
719,pendidikan dan penelitian
720,pendidikan dan penelitian
721,pendidikan dan penelitian
722,pendidikan dan penelitian
723,pendidikan dan penelitian
724,media
725,ekonomi dan bisnis
726,ekonomi dan bisnis
727,media
728,hobi
729,pendidikan dan penelitian
730,pendidikan dan penelitian
731,pendidikan dan penelitian
732,pendidikan dan penelitian
733,pendidikan dan penelitian
734,ekonomi dan bisnis
735,hiburan
736,hiburan
737,hiburan
738,hiburan
739,sosial kemasyarakatan
740,hiburan
741,hiburan
742,hiburan
743,hiburan
744,media
745,media
746,hiburan
747,hiburan
748,hiburan
749,hiburan
750,pendidikan dan penelitian
751,pendidikan dan penelitian
752,pendidikan dan penelitian
753,media
754,media
755,media
756,olahraga
757,hiburan
758,pendidikan dan penelitian
759,pendidikan dan penelitian
760,pendidikan dan penelitian
761,pendidikan dan penelitian
762,pendidikan dan penelitian
763,sains dan teknologi
764,sosial kemasyarakatan
765,sosial kemasyarakatan
766,sosial kemasyarakatan
767,sosial kemasyarakatan
768,sosial kemasyarakatan
769,pendidikan dan penelitian
770,sosial kemasyarakatan
771,sosial kemasyarakatan
772,sosial kemasyarakatan
773,media
774,media
775,pendidikan dan penelitian
776,seni
777,seni
778,ekonomi dan bisnis
779,ekonomi dan bisnis
780,hiburan
781,hiburan
782,hiburan
783,hiburan
784,hiburan
785,hiburan
786,hiburan
787,hiburan
788,hiburan
789,pendidikan dan penelitian
790,pendidikan dan penelitian
791,sosial kemasyarakatan
792,sosial kemasyarakatan
793,sosial kemasyarakatan
794,sosial kemasyarakatan
795,sosial kemasyarakatan
796,hiburan
797,hiburan
798,pendidikan dan penelitian
799,hiburan
800,sosial kemasyarakatan
801,sosial kemasyarakatan
802,ekonomi dan bisnis
803,ekonomi dan bisnis
804,ekonomi dan bisnis
805,ekonomi dan bisnis
806,ekonomi dan bisnis
807,ekonomi dan bisnis
808,ekonomi dan bisnis
809,hobi
810,sosial kemasyarakatan
811,sosial kemasyarakatan
812,sosial kemasyarakatan
813,ekonomi dan bisnis
814,ekonomi dan bisnis
815,sosial kemasyarakatan
816,media
817,media
818,media
819,hiburan
820,sosial kemasyarakatan
821,sosial kemasyarakatan
822,sosial kemasyarakatan
823,sosial kemasyarakatan
824,pendidikan dan penelitian
825,seni
826,sains dan teknologi
827,sosial kemasyarakatan
828,sosial kemasyarakatan
829,hiburan
830,hiburan
831,ekonomi dan bisnis
832,hiburan
833,hiburan
834,olahraga
835,olahraga
836,olahraga
837,olahraga
838,pendidikan dan penelitian
839,pendidikan dan penelitian
840,pendidikan dan penelitian
841,pendidikan dan penelitian
842,seni
843,hiburan
844,hiburan
845,hiburan
846,sains dan teknologi
847,sains dan teknologi
848,sains dan teknologi
849,sains dan teknologi
850,sains dan teknologi
851,sains dan teknologi
852,ekonomi dan bisnis
853,ekonomi dan bisnis
854,hiburan
855,hiburan
856,hiburan
857,hiburan
858,hiburan
859,olahraga
860,olahraga
861,hiburan
862,hiburan
863,hiburan
864,hiburan
865,pendidikan dan penelitian
866,pendidikan dan penelitian
867,hiburan
868,hiburan
869,hiburan
870,hiburan
871,seni
872,media
873,media
874,olahraga
875,olahraga
876,olahraga
877,hiburan
878,hiburan
879,media
880,media
881,media
882,hiburan
883,hiburan
884,sains dan teknologi
885,sains dan teknologi
886,sains dan teknologi
887,sains dan teknologi
888,media
889,seni
890,seni
891,seni
892,seni
893,seni
894,sains dan teknologi
895,kesehatan
896,sosial kemasyarakatan
897,sosial kemasyarakatan
898,pendidikan dan penelitian
899,hiburan
900,media
901,media
902,media
903,pendidikan dan penelitian
904,pendidikan dan penelitian
905,pendidikan dan penelitian
906,hiburan
907,hiburan
908,sains dan teknologi
909,hobi
910,hobi
911,hiburan
912,hiburan
913,sosial kemasyarakatan
914,sains dan teknologi
915,sains dan teknologi
916,sains dan teknologi
917,sains dan teknologi
918,sains dan teknologi
919,sains dan teknologi
920,sosial kemasyarakatan
921,sosial kemasyarakatan
922,sosial kemasyarakatan
923,sosial kemasyarakatan
924,sosial kemasyarakatan
925,hiburan
926,hiburan
927,hiburan
928,pendidikan dan penelitian
929,pendidikan dan penelitian
930,pendidikan dan penelitian
931,pendidikan dan penelitian
932,pendidikan dan penelitian
933,hobi
934,sosial kemasyarakatan
935,sosial kemasyarakatan
936,kesehatan
937,kesehatan
938,sosial kemasyarakatan
939,sosial kemasyarakatan
940,sosial kemasyarakatan
941,hobi
942,kesehatan
943,hiburan
944,sains dan teknologi
945,pendidikan dan penelitian
946,pendidikan dan penelitian
947,pendidikan dan penelitian
948,seni
949,seni
950,seni
951,pendidikan dan penelitian
952,pendidikan dan penelitian
953,ekonomi dan bisnis
954,ekonomi dan bisnis
955,ekonomi dan bisnis
956,hobi
957,hobi
958,pendidikan dan penelitian
959,pendidikan dan penelitian
960,pendidikan dan penelitian
961,pendidikan dan penelitian
962,pendidikan dan penelitian
963,sains dan teknologi
964,sains dan teknologi
965,ekonomi dan bisnis
966,olahraga
967,hiburan
968,hiburan
969,hiburan
970,hiburan
971,hiburan
972,hiburan
973,sains dan teknologi
974,sains dan teknologi
975,sosial kemasyarakatan
976,sosial kemasyarakatan
977,sosial kemasyarakatan
978,media
979,pendidikan dan penelitian
980,pendidikan dan penelitian
981,pendidikan dan penelitian
982,hiburan
983,hiburan
984,hiburan
985,seni
986,seni
987,seni
988,seni
989,seni
990,sosial kemasyarakatan
991,sosial kemasyarakatan
992,hiburan
993,hiburan
994,hiburan
995,hiburan
996,hiburan
997,hiburan
998,hiburan
999,hiburan
1000,hiburan
1001,hiburan
1002,hiburan
1003,pendidikan dan penelitian
1004,pendidikan dan penelitian
1005,pendidikan dan penelitian
1006,pendidikan dan penelitian
1007,pendidikan dan penelitian
1008,pendidikan dan penelitian
1009,pendidikan dan penelitian
1010,pendidikan dan penelitian
1011,pendidikan dan penelitian
1012,pendidikan dan penelitian
1013,pendidikan dan penelitian
1014,pendidikan dan penelitian
1015,pendidikan dan penelitian
1016,media
1017,ekonomi dan bisnis
1018,ekonomi dan bisnis
1019,ekonomi dan bisnis
1020,ekonomi dan bisnis
1021,pendidikan dan penelitian
1022,pendidikan dan penelitian
1023,pendidikan dan penelitian
1024,pendidikan dan penelitian
1025,pendidikan dan penelitian
1026,hobi
1027,sains dan teknologi
1028,sains dan teknologi
1029,hiburan
1030,hiburan
1031,sains dan teknologi
1032,sains dan teknologi
1033,sains dan teknologi
1034,media
1035,media
1036,media
1037,media
1038,media
1039,olahraga
1040,olahraga
1041,olahraga
1042,ekonomi dan bisnis
1043,media
1044,sosial kemasyarakatan
1045,sosial kemasyarakatan
1046,media
1047,media
1048,hiburan
1049,hiburan
1050,pendidikan dan penelitian
1051,pendidikan dan penelitian
1052,pendidikan dan penelitian
1053,pendidikan dan penelitian
1054,ekonomi dan bisnis
1055,ekonomi dan bisnis
1056,ekonomi dan bisnis
1057,sosial kemasyarakatan
1058,sosial kemasyarakatan
1059,sosial kemasyarakatan
1060,media
1061,ekonomi dan bisnis
1062,ekonomi dan bisnis
1063,ekonomi dan bisnis
1064,ekonomi dan bisnis
1065,hiburan
1066,sains dan teknologi
1067,sains dan teknologi
1068,sains dan teknologi
1069,sains dan teknologi
1070,sains dan teknologi
1071,sains dan teknologi
1072,ekonomi dan bisnis
1073,pendidikan dan penelitian
1074,hiburan
1075,hiburan
1076,hiburan
1077,hiburan
1078,hiburan
1079,hiburan
1080,hiburan
1081,hiburan
1082,hiburan
1083,sosial kemasyarakatan
1084,sosial kemasyarakatan
1085,media
1086,pendidikan dan penelitian
1087,hiburan
1088,media
1089,media
1090,media
1091,sosial kemasyarakatan
1092,sosial kemasyarakatan
1093,sosial kemasyarakatan
1094,hiburan
1095,hiburan
1096,hobi
1097,sosial kemasyarakatan
1098,hiburan
1099,hobi
1100,hiburan
1101,pendidikan dan penelitian
1102,pendidikan dan penelitian
1103,pendidikan dan penelitian
1104,sosial kemasyarakatan
1105,sosial kemasyarakatan
1106,sosial kemasyarakatan
1107,sosial kemasyarakatan
1108,sosial kemasyarakatan
1109,hiburan
1110,hiburan
1111,sosial kemasyarakatan
1112,sosial kemasyarakatan
1113,sosial kemasyarakatan
1114,media
1115,media
1116,media
1117,hiburan
1118,hiburan
1119,olahraga
1120,olahraga
1121,olahraga
1122,olahraga
1123,pendidikan dan penelitian
1124,pendidikan dan penelitian
1125,pendidikan dan penelitian
1126,hospitality & tourism
1127,hiburan
1128,hiburan
1129,hiburan
1130,sosial kemasyarakatan
1131,sains dan teknologi
1132,hiburan
1133,hiburan
1134,hiburan
1135,pendidikan dan penelitian
1136,hobi
1137,hobi
1138,hobi
1139,hobi
1140,sains dan teknologi
1141,media
1142,media
1143,media
1144,pendidikan dan penelitian
1145,hiburan
1146,hiburan
1147,sains dan teknologi
1148,pendidikan dan penelitian
1149,pendidikan dan penelitian
1150,ekonomi dan bisnis
1151,media
1152,media
1153,kesehatan
1154,pendidikan dan penelitian
1155,pendidikan dan penelitian
1156,hiburan
1157,hiburan
1158,hiburan
1159,hiburan
1160,ekonomi dan bisnis
1161,ekonomi dan bisnis
1162,ekonomi dan bisnis
1163,ekonomi dan bisnis
1164,ekonomi dan bisnis
1165,hiburan
1166,hiburan
1167,hiburan
1168,olahraga
1169,olahraga
1170,olahraga
1171,olahraga
1172,pendidikan dan penelitian
1173,kesehatan
1174,hospitality & tourism
1175,sosial kemasyarakatan
1176,sosial kemasyarakatan
1177,sosial kemasyarakatan
1178,sosial kemasyarakatan
1179,sosial kemasyarakatan
1180,pendidikan dan penelitian
1181,pendidikan dan penelitian
1182,pendidikan dan penelitian
1183,hiburan
1184,hiburan
1185,hiburan
1186,hiburan
1187,hiburan
1188,hiburan
1189,pendidikan dan penelitian
1190,pendidikan dan penelitian
1191,sains dan teknologi
1192,sosial kemasyarakatan
1193,pendidikan dan penelitian
1194,hospitality & tourism
1195,sosial kemasyarakatan
1196,sosial kemasyarakatan
1197,sosial kemasyarakatan
1198,pendidikan dan penelitian
1199,sains dan teknologi
1200,sains dan teknologi
1201,sosial kemasyarakatan
1202,sosial kemasyarakatan
1203,pendidikan dan penelitian
1204,hiburan
1205,hiburan
1206,kesehatan
1207,hiburan
1208,sosial kemasyarakatan
1209,sosial kemasyarakatan
1210,hiburan
1211,hiburan
1212,sosial kemasyarakatan
1213,pendidikan dan penelitian
1214,hospitality & tourism
1215,hiburan
1216,sosial kemasyarakatan
1217,hiburan
1218,ekonomi dan bisnis
1219,pendidikan dan penelitian
1220,pendidikan dan penelitian
1221,hiburan
1222,olahraga
1223,olahraga
1224,olahraga
1225,olahraga
1226,olahraga
1227,olahraga
1228,hobi
1229,pendidikan dan penelitian
1230,pendidikan dan penelitian
1231,sosial kemasyarakatan
1232,sosial kemasyarakatan
1233,seni
1234,sosial kemasyarakatan
1235,hiburan
1236,ekonomi dan bisnis
1237,hiburan
1238,hiburan
1239,ekonomi dan bisnis
1240,ekonomi dan bisnis
1241,pendidikan dan penelitian
1242,pendidikan dan penelitian
1243,pendidikan dan penelitian
1244,pendidikan dan penelitian
1245,hobi
1246,hobi
1247,hobi
1248,hiburan
1249,sosial kemasyarakatan
1250,sains dan teknologi
1251,pendidikan dan penelitian
1252,olahraga
1253,hiburan
1254,media
1255,media
1256,pendidikan dan penelitian
1257,hiburan
1258,hiburan
1259,pendidikan dan penelitian
1260,media
1261,media
1262,hobi
1263,sains dan teknologi
1264,hiburan
1265,ekonomi dan bisnis
1266,ekonomi dan bisnis
1267,seni
1268,seni
1269,hobi
1270,olahraga
1271,olahraga
1272,kesehatan
1273,sosial kemasyarakatan
1274,olahraga
1275,hiburan
1276,media
1277,hiburan
1278,hiburan
1279,hobi
1280,hobi
1281,hobi
1282,sosial kemasyarakatan
1283,sosial kemasyarakatan
1284,sosial kemasyarakatan
1285,hiburan
1286,pendidikan dan penelitian
1287,pendidikan dan penelitian
1288,hiburan
1289,hiburan
1290,pendidikan dan penelitian
1291,pendidikan dan penelitian
1292,pendidikan dan penelitian
1293,sosial kemasyarakatan
1294,sosial kemasyarakatan
1295,sosial kemasyarakatan
1296,hiburan
1297,hiburan
1298,sains dan teknologi
1299,sains dan teknologi
1300,sains dan teknologi
1301,sains dan teknologi
1302,sains dan teknologi
1303,sains dan teknologi
1304,sains dan teknologi
1305,sains dan teknologi
1306,sains dan teknologi
1307,sains dan teknologi
1308,hiburan
1309,hiburan
1310,hiburan
1311,hiburan
1312,sosial kemasyarakatan
1313,sosial kemasyarakatan
1314,sosial kemasyarakatan
1315,seni
1316,sosial kemasyarakatan
1317,sosial kemasyarakatan
1318,sosial kemasyarakatan
1319,hiburan
1320,pendidikan dan penelitian
1321,olahraga
1322,olahraga
1323,olahraga
1324,olahraga
1325,olahraga
1326,olahraga
1327,olahraga
1328,olahraga
1329,olahraga
1330,olahraga
1331,sosial kemasyarakatan
1332,media
1333,media
1334,hiburan
1335,hiburan
1336,sains dan teknologi
1337,sains dan teknologi
1338,pendidikan dan penelitian
1339,pendidikan dan penelitian
1340,hiburan
1341,hiburan
1342,hiburan
1343,hiburan
1344,kesehatan
1345,sosial kemasyarakatan
1346,pendidikan dan penelitian
1347,pendidikan dan penelitian
1348,pendidikan dan penelitian
1349,hiburan
1350,hobi
1351,sains dan teknologi
1352,sosial kemasyarakatan
1353,pendidikan dan penelitian
1354,pendidikan dan penelitian
1355,hiburan
1356,hiburan
1357,hiburan
1358,hiburan
1359,pendidikan dan penelitian
1360,pendidikan dan penelitian
1361,pendidikan dan penelitian
1362,pendidikan dan penelitian
1363,pendidikan dan penelitian
1364,pendidikan dan penelitian
1365,pendidikan dan penelitian
1366,pendidikan dan penelitian
1367,pendidikan dan penelitian
1368,pendidikan dan penelitian
1369,ekonomi dan bisnis
1370,sains dan teknologi
1371,sains dan teknologi
1372,hiburan
1373,hiburan
1374,hiburan
1375,ekonomi dan bisnis
1376,sains dan teknologi
1377,sains dan teknologi
1378,ekonomi dan bisnis
1379,sains dan teknologi
1380,pendidikan dan penelitian
1381,pendidikan dan penelitian
1382,pendidikan dan penelitian
1383,pendidikan dan penelitian
1384,pendidikan dan penelitian
1385,hiburan
1386,olahraga
1387,hobi
1388,hobi
1389,hobi
1390,kesehatan
1391,kesehatan
1392,sosial kemasyarakatan
1393,sosial kemasyarakatan
1394,sosial kemasyarakatan
1395,sosial kemasyarakatan
1396,hiburan
1397,hiburan
1398,hiburan
1399,hiburan
1400,hiburan
1401,hiburan
1402,sosial kemasyarakatan
1403,sosial kemasyarakatan
1404,sains dan teknologi
1405,sains dan teknologi
1406,sains dan teknologi
1407,sains dan teknologi
1408,sains dan teknologi
1409,sains dan teknologi
1410,sains dan teknologi
1411,sains dan teknologi
1412,sosial kemasyarakatan
1413,sains dan teknologi
1414,sains dan teknologi
1415,hiburan
1416,olahraga
1417,olahraga
1418,pendidikan dan penelitian
1419,pendidikan dan penelitian
1420,hiburan
1421,hobi
1422,hobi
1423,hobi
1424,sosial kemasyarakatan
1425,sosial kemasyarakatan
1426,sosial kemasyarakatan
1427,sains dan teknologi
1428,sains dan teknologi
1429,pendidikan dan penelitian
1430,hiburan
1431,seni
1432,sosial kemasyarakatan
1433,pendidikan dan penelitian
1434,pendidikan dan penelitian
1435,pendidikan dan penelitian
1436,pendidikan dan penelitian
1437,pendidikan dan penelitian
1438,pendidikan dan penelitian
1439,pendidikan dan penelitian
1440,ekonomi dan bisnis
1441,ekonomi dan bisnis
1442,ekonomi dan bisnis
1443,seni
1444,hiburan
1445,olahraga
1446,pendidikan dan penelitian
1447,hiburan
1448,sosial kemasyarakatan
1449,sosial kemasyarakatan
1450,sosial kemasyarakatan
1451,sosial kemasyarakatan
1452,hiburan
1453,hiburan
1454,hiburan
1455,kesehatan
1456,kesehatan
1457,kesehatan
1458,kesehatan
1459,sosial kemasyarakatan
1460,hiburan
1461,hiburan
1462,hiburan
1463,hiburan
1464,hiburan
1465,olahraga
1466,olahraga
1467,olahraga
1468,olahraga
1469,hiburan
1470,hiburan
1471,hiburan
1472,pendidikan dan penelitian
1473,pendidikan dan penelitian
1474,pendidikan dan penelitian
1475,sosial kemasyarakatan
1476,sosial kemasyarakatan
1477,sosial kemasyarakatan
1478,sosial kemasyarakatan
1479,sosial kemasyarakatan
1480,sosial kemasyarakatan
1481,sosial kemasyarakatan
1482,sains dan teknologi
1483,sains dan teknologi
1484,sains dan teknologi
1485,sains dan teknologi
1486,sains dan teknologi
1487,sains dan teknologi
1488,sains dan teknologi
1489,media
1490,media
1491,ekonomi dan bisnis
1492,ekonomi dan bisnis
1493,ekonomi dan bisnis
1494,ekonomi dan bisnis
1495,ekonomi dan bisnis
1496,ekonomi dan bisnis
1497,seni
1498,pendidikan dan penelitian
1499,pendidikan dan penelitian
1500,pendidikan dan penelitian
1501,pendidikan dan penelitian
1502,sains dan teknologi
1503,sains dan teknologi
1504,sains dan teknologi
1505,hiburan
1506,hiburan
1507,hiburan
1508,sosial kemasyarakatan
1509,hiburan
1510,hiburan
1511,hiburan
1512,hiburan
1513,hiburan
1514,hiburan
1515,hiburan
1516,hiburan
1517,hiburan
1518,sains dan teknologi
1519,sains dan teknologi
1520,sains dan teknologi
1521,sains dan teknologi
1522,sains dan teknologi
1523,sains dan teknologi
1524,sains dan teknologi
1525,olahraga
1526,olahraga
1527,pendidikan dan penelitian
1528,sosial kemasyarakatan
1529,sosial kemasyarakatan
1530,sosial kemasyarakatan
1531,sosial kemasyarakatan
1532,pendidikan dan penelitian
1533,sains dan teknologi
1534,sains dan teknologi
1535,seni
1536,pendidikan dan penelitian
1537,pendidikan dan penelitian
1538,pendidikan dan penelitian
1539,pendidikan dan penelitian
1540,pendidikan dan penelitian
1541,sosial kemasyarakatan
1542,media
1543,sains dan teknologi
1544,sains dan teknologi
1545,sains dan teknologi
1546,hiburan
1547,hiburan
1548,hiburan
1549,pendidikan dan penelitian
1550,pendidikan dan penelitian
1551,pendidikan dan penelitian
1552,hobi
1553,ekonomi dan bisnis
1554,media
1555,media
1556,ekonomi dan bisnis
1557,ekonomi dan bisnis
1558,ekonomi dan bisnis
1559,ekonomi dan bisnis
1560,pendidikan dan penelitian
1561,hiburan
1562,hiburan
1563,hiburan
1564,hiburan
1565,hiburan
1566,pendidikan dan penelitian
1567,pendidikan dan penelitian
1568,pendidikan dan penelitian
1569,pendidikan dan penelitian
1570,pendidikan dan penelitian
1571,hiburan
1572,sains dan teknologi
1573,sains dan teknologi
1574,sains dan teknologi
1575,media
1576,media
1577,media
1578,ekonomi dan bisnis
1579,ekonomi dan bisnis
1580,ekonomi dan bisnis
1581,media
1582,media
1583,hospitality & tourism
1584,hospitality & tourism
1585,hospitality & tourism
1586,hospitality & tourism
1587,hiburan
1588,hiburan
1589,hiburan
1590,hospitality & tourism
1591,hospitality & tourism
1592,hospitality & tourism
1593,pendidikan dan penelitian
1594,pendidikan dan penelitian
1595,hobi
1596,hobi
1597,kesehatan
1598,kesehatan
1599,kesehatan
1600,kesehatan
1601,sains dan teknologi
1602,seni
1603,seni
1604,seni
1605,pendidikan dan penelitian
1606,pendidikan dan penelitian
1607,kesehatan
1608,kesehatan
1609,kesehatan
1610,kesehatan
1611,sains dan teknologi
1612,sosial kemasyarakatan
1613,sosial kemasyarakatan
1614,sosial kemasyarakatan
1615,sosial kemasyarakatan
1616,hiburan
1617,hiburan
1618,pendidikan dan penelitian
1619,pendidikan dan penelitian
1620,kesehatan
1621,hiburan
1622,hiburan
1623,hiburan
1624,sains dan teknologi
1625,media
1626,pendidikan dan penelitian
1627,seni
1628,media
1629,hiburan
1630,hiburan
1631,pendidikan dan penelitian
1632,pendidikan dan penelitian
1633,pendidikan dan penelitian
1634,hiburan
1635,kesehatan
1636,pendidikan dan penelitian
1637,pendidikan dan penelitian
1638,hiburan
1639,olahraga
1640,olahraga
1641,ekonomi dan bisnis
1642,sosial kemasyarakatan
1643,sosial kemasyarakatan
1644,hiburan
1645,hiburan
1646,hiburan
1647,hiburan
1648,hiburan
1649,ekonomi dan bisnis
1650,pendidikan dan penelitian
1651,seni
1652,pendidikan dan penelitian
1653,kesehatan
1654,hiburan
1655,hiburan
1656,hiburan
1657,hiburan
1658,sains dan teknologi
1659,sains dan teknologi
1660,hiburan
1661,hiburan
1662,hiburan
1663,hobi
1664,pendidikan dan penelitian
1665,sains dan teknologi
1666,sains dan teknologi
1667,ekonomi dan bisnis
1668,sosial kemasyarakatan
1669,sains dan teknologi
1670,pendidikan dan penelitian
1671,pendidikan dan penelitian
1672,hiburan
1673,kesehatan
1674,hiburan
1675,ekonomi dan bisnis
1676,ekonomi dan bisnis
1677,ekonomi dan bisnis
1678,sosial kemasyarakatan
1679,seni
1680,seni
1681,ekonomi dan bisnis
1682,ekonomi dan bisnis
1683,ekonomi dan bisnis
1684,ekonomi dan bisnis
1685,ekonomi dan bisnis
1686,sosial kemasyarakatan
1687,sains dan teknologi
1688,sains dan teknologi
1689,sains dan teknologi
1690,sosial kemasyarakatan
1691,sosial kemasyarakatan
1692,pendidikan dan penelitian
1693,hiburan
1694,hiburan
1695,hiburan
1696,hiburan
1697,hiburan
1698,hiburan
1699,hiburan
1700,hiburan
1701,ekonomi dan bisnis
1702,ekonomi dan bisnis
1703,ekonomi dan bisnis
1704,ekonomi dan bisnis
1705,ekonomi dan bisnis
1706,ekonomi dan bisnis
1707,ekonomi dan bisnis
1708,pendidikan dan penelitian
1709,pendidikan dan penelitian
1710,pendidikan dan penelitian
1711,pendidikan dan penelitian
1712,pendidikan dan penelitian
1713,pendidikan dan penelitian
1714,pendidikan dan penelitian
1715,pendidikan dan penelitian
1716,pendidikan dan penelitian
1717,pendidikan dan penelitian
1718,pendidikan dan penelitian
1719,hiburan
1720,pendidikan dan penelitian
1721,ekonomi dan bisnis
1722,hobi
1723,hobi
1724,ekonomi dan bisnis
1725,ekonomi dan bisnis
1726,ekonomi dan bisnis
1727,ekonomi dan bisnis
1728,ekonomi dan bisnis
1729,ekonomi dan bisnis
1730,ekonomi dan bisnis
1731,ekonomi dan bisnis
1732,ekonomi dan bisnis
1733,hobi
1734,hobi
1735,hobi
1736,hobi
1737,pendidikan dan penelitian
1738,media
1739,media
1740,media
1741,ekonomi dan bisnis
1742,olahraga
1743,olahraga
1744,olahraga
1745,olahraga
1746,olahraga
1747,sains dan teknologi
1748,sains dan teknologi
1749,sains dan teknologi
1750,sains dan teknologi
1751,hiburan
1752,media
1753,pendidikan dan penelitian
1754,pendidikan dan penelitian
1755,pendidikan dan penelitian
1756,pendidikan dan penelitian
1757,hiburan
1758,hiburan
1759,sains dan teknologi
1760,sains dan teknologi
1761,sains dan teknologi
1762,pendidikan dan penelitian
1763,pendidikan dan penelitian
1764,hiburan
1765,hiburan
1766,pendidikan dan penelitian
1767,hiburan
1768,hiburan
1769,hiburan
1770,hiburan
1771,hiburan
1772,hiburan
1773,hiburan
1774,hobi
1775,hobi
1776,hobi
1777,ekonomi dan bisnis
1778,ekonomi dan bisnis
1779,sosial kemasyarakatan
1780,sosial kemasyarakatan
1781,sosial kemasyarakatan
1782,sosial kemasyarakatan
1783,sosial kemasyarakatan
1784,ekonomi dan bisnis
1785,ekonomi dan bisnis
1786,sosial kemasyarakatan
1787,pendidikan dan penelitian
1788,media
1789,media
1790,media
1791,media
1792,media
1793,media
1794,media
1795,media
1796,sosial kemasyarakatan
1797,sains dan teknologi
1798,sains dan teknologi
1799,sains dan teknologi
1800,pendidikan dan penelitian
1801,sosial kemasyarakatan
1802,sosial kemasyarakatan
1803,seni
1804,ekonomi dan bisnis
1805,sosial kemasyarakatan
1806,sosial kemasyarakatan
1807,hiburan
1808,pendidikan dan penelitian
1809,seni
1810,seni
1811,seni
1812,seni
1813,sosial kemasyarakatan
1814,hiburan
1815,hiburan
1816,hiburan
1817,hiburan
1818,sosial kemasyarakatan
1819,sosial kemasyarakatan
1820,hiburan
1821,hiburan
1822,hiburan
1823,hiburan
1824,hiburan
1825,olahraga
1826,olahraga
1827,olahraga
1828,ekonomi dan bisnis
1829,sains dan teknologi
1830,sains dan teknologi
1831,hiburan
1832,hiburan
1833,hiburan
1834,hobi
1835,sosial kemasyarakatan
1836,sosial kemasyarakatan
1837,sosial kemasyarakatan
1838,sosial kemasyarakatan
1839,hiburan
1840,hiburan
1841,hiburan
1842,pendidikan dan penelitian
1843,pendidikan dan penelitian
1844,pendidikan dan penelitian
1845,hiburan
1846,hiburan
1847,hiburan
1848,sosial kemasyarakatan
1849,sosial kemasyarakatan
1850,ekonomi dan bisnis
1851,sains dan teknologi
1852,sains dan teknologi
1853,sains dan teknologi
1854,sains dan teknologi
1855,ekonomi dan bisnis
1856,sosial kemasyarakatan
1857,hiburan
1858,sosial kemasyarakatan
1859,sosial kemasyarakatan
1860,pendidikan dan penelitian
1861,pendidikan dan penelitian
1862,hiburan
1863,hiburan
1864,hiburan
1865,hiburan
1866,hiburan
1867,hiburan
1868,hiburan
1869,hiburan
1870,hiburan
1871,hiburan
1872,hiburan
1873,hiburan
1874,hiburan
1875,hiburan
1876,hobi
1877,pendidikan dan penelitian
1878,pendidikan dan penelitian
1879,pendidikan dan penelitian
1880,pendidikan dan penelitian
1881,pendidikan dan penelitian
1882,pendidikan dan penelitian
1883,sosial kemasyarakatan
1884,sosial kemasyarakatan
1885,sosial kemasyarakatan
1886,hiburan
1887,hiburan
1888,hiburan
1889,hiburan
1890,hiburan
1891,hiburan
1892,pendidikan dan penelitian
1893,pendidikan dan penelitian
1894,pendidikan dan penelitian
1895,pendidikan dan penelitian
1896,pendidikan dan penelitian
1897,pendidikan dan penelitian
1898,pendidikan dan penelitian
1899,pendidikan dan penelitian
1900,pendidikan dan penelitian
1901,pendidikan dan penelitian
1902,seni
1903,ekonomi dan bisnis
1904,ekonomi dan bisnis
1905,ekonomi dan bisnis
1906,hiburan
1907,hiburan
1908,hiburan
1909,hiburan
1910,hiburan
1911,media
1912,hiburan
1913,hiburan
1914,hiburan
1915,hiburan
1916,sains dan teknologi
1917,sains dan teknologi
1918,hiburan
1919,hiburan
1920,pendidikan dan penelitian
1921,pendidikan dan penelitian
1922,hiburan
1923,hiburan
1924,hobi
1925,hobi
1926,hobi
1927,hobi
1928,sains dan teknologi
1929,sains dan teknologi
1930,sains dan teknologi
1931,hiburan
1932,media
1933,hiburan
1934,hiburan
1935,pendidikan dan penelitian
1936,hiburan
1937,hiburan
1938,hiburan
1939,hiburan
1940,sosial kemasyarakatan
1941,sosial kemasyarakatan
1942,hiburan
1943,media
1944,media
1945,media
1946,hobi
1947,hobi
1948,hobi
1949,hobi
1950,seni
1951,sosial kemasyarakatan
1952,media
1953,sosial kemasyarakatan
1954,sosial kemasyarakatan
1955,sains dan teknologi
1956,olahraga
1957,ekonomi dan bisnis
1958,ekonomi dan bisnis
1959,ekonomi dan bisnis
1960,hiburan
1961,hiburan
1962,hobi
1963,hobi
1964,hobi
1965,hobi
1966,ekonomi dan bisnis
1967,ekonomi dan bisnis
1968,ekonomi dan bisnis
1969,ekonomi dan bisnis
1970,ekonomi dan bisnis
1971,ekonomi dan bisnis
1972,seni
1973,media
1974,seni
1975,seni
1976,hiburan
1977,sosial kemasyarakatan
1978,sosial kemasyarakatan
1979,sosial kemasyarakatan
1980,sosial kemasyarakatan
1981,sosial kemasyarakatan
1982,sosial kemasyarakatan
1983,hiburan
1984,ekonomi dan bisnis
1985,ekonomi dan bisnis
1986,media
1987,media
1988,media
1989,hiburan
1990,hiburan
1991,hiburan
1992,pendidikan dan penelitian
1993,pendidikan dan penelitian
1994,pendidikan dan penelitian
1995,pendidikan dan penelitian
1996,pendidikan dan penelitian
1997,pendidikan dan penelitian
1998,pendidikan dan penelitian
1999,pendidikan dan penelitian
2000,olahraga
2001,sosial kemasyarakatan
2002,sosial kemasyarakatan
2003,sosial kemasyarakatan
2004,pendidikan dan penelitian
2005,sosial kemasyarakatan
2006,media
2007,media
2008,media
2009,media
2010,olahraga
2011,sosial kemasyarakatan
2012,kesehatan
2013,kesehatan
2014,media
2015,kesehatan
2016,hiburan
2017,hiburan
2018,pendidikan dan penelitian
2019,ekonomi dan bisnis
2020,hiburan
2021,hiburan
2022,hiburan
2023,hiburan
2024,sosial kemasyarakatan
2025,ekonomi dan bisnis
2026,ekonomi dan bisnis
2027,ekonomi dan bisnis
2028,pendidikan dan penelitian
2029,pendidikan dan penelitian
2030,pendidikan dan penelitian
2031,sosial kemasyarakatan
2032,pendidikan dan penelitian
2033,pendidikan dan penelitian
2034,pendidikan dan penelitian
2035,pendidikan dan penelitian
2036,pendidikan dan penelitian
2037,hiburan
2038,hiburan
2039,sosial kemasyarakatan
2040,hiburan
2041,hiburan
2042,hiburan
2043,pendidikan dan penelitian
2044,ekonomi dan bisnis
2045,hobi
2046,olahraga
2047,olahraga
2048,pendidikan dan penelitian
2049,media
2050,pendidikan dan penelitian
2051,hiburan
2052,pendidikan dan penelitian
2053,pendidikan dan penelitian
2054,hiburan
2055,sosial kemasyarakatan
2056,sosial kemasyarakatan
2057,kesehatan
2058,sosial kemasyarakatan
2059,sains dan teknologi
2060,media
2061,media
2062,hiburan
2063,hiburan
2064,hiburan
2065,sosial kemasyarakatan
2066,sosial kemasyarakatan
2067,sains dan teknologi
2068,sains dan teknologi
2069,sosial kemasyarakatan
2070,sosial kemasyarakatan
2071,hiburan
2072,hiburan
2073,sosial kemasyarakatan
2074,sosial kemasyarakatan
2075,hiburan
2076,hiburan
2077,hiburan
2078,hiburan
2079,pendidikan dan penelitian
2080,ekonomi dan bisnis
2081,media
2082,ekonomi dan bisnis
2083,ekonomi dan bisnis
2084,hobi
2085,hobi
2086,hobi
2087,hobi
2088,hobi
2089,sosial kemasyarakatan
2090,sosial kemasyarakatan
2091,sosial kemasyarakatan
2092,sains dan teknologi
2093,sains dan teknologi
2094,sains dan teknologi
2095,sains dan teknologi
2096,ekonomi dan bisnis
2097,ekonomi dan bisnis
2098,ekonomi dan bisnis
2099,hiburan
2100,hiburan
2101,hiburan
2102,hiburan
2103,hiburan
2104,hiburan
2105,hiburan
2106,pendidikan dan penelitian
2107,pendidikan dan penelitian
2108,sains dan teknologi
2109,sosial kemasyarakatan
2110,sosial kemasyarakatan
2111,sosial kemasyarakatan
2112,sosial kemasyarakatan
2113,sosial kemasyarakatan
2114,hobi
2115,sains dan teknologi
2116,sosial kemasyarakatan
2117,sosial kemasyarakatan
2118,sosial kemasyarakatan
2119,hiburan
2120,ekonomi dan bisnis
2121,pendidikan dan penelitian
2122,pendidikan dan penelitian
2123,hiburan
2124,hiburan
2125,hiburan
2126,pendidikan dan penelitian
2127,ekonomi dan bisnis
2128,ekonomi dan bisnis
2129,hiburan
2130,sosial kemasyarakatan
2131,hiburan
2132,pendidikan dan penelitian
2133,olahraga
2134,olahraga
2135,olahraga
2136,olahraga
2137,olahraga
2138,olahraga
2139,sosial kemasyarakatan
2140,pendidikan dan penelitian
2141,media
2142,media
2143,media
2144,media
2145,media
2146,media
2147,media
2148,pendidikan dan penelitian
2149,sosial kemasyarakatan
2150,sosial kemasyarakatan
2151,sosial kemasyarakatan
2152,hobi
2153,media
2154,ekonomi dan bisnis
2155,ekonomi dan bisnis
2156,ekonomi dan bisnis
2157,ekonomi dan bisnis
2158,ekonomi dan bisnis
2159,ekonomi dan bisnis
2160,pendidikan dan penelitian
2161,pendidikan dan penelitian
2162,ekonomi dan bisnis
2163,hobi
2164,hiburan
2165,hiburan
2166,hiburan
2167,hiburan
2168,hiburan
2169,hiburan
2170,pendidikan dan penelitian
2171,pendidikan dan penelitian
2172,pendidikan dan penelitian
2173,sosial kemasyarakatan
2174,hiburan
2175,pendidikan dan penelitian
2176,hiburan
2177,sosial kemasyarakatan
2178,kesehatan
2179,hiburan
2180,hiburan
2181,hiburan
2182,hiburan
2183,hobi
2184,hobi
2185,hobi
2186,hobi
2187,pendidikan dan penelitian
2188,pendidikan dan penelitian
2189,pendidikan dan penelitian
2190,olahraga
2191,hiburan
2192,hiburan
2193,hiburan
2194,hiburan
2195,kesehatan
2196,hiburan
2197,ekonomi dan bisnis
2198,sains dan teknologi
2199,hiburan
2200,hiburan
2201,pendidikan dan penelitian
2202,pendidikan dan penelitian
2203,pendidikan dan penelitian
2204,pendidikan dan penelitian
2205,pendidikan dan penelitian
2206,hiburan
2207,hiburan
2208,hiburan
2209,hiburan
2210,hiburan
2211,pendidikan dan penelitian
2212,pendidikan dan penelitian
2213,hiburan
2214,hiburan
2215,hiburan
2216,ekonomi dan bisnis
2217,hospitality & tourism
2218,hospitality & tourism
2219,kesehatan
2220,kesehatan
2221,sosial kemasyarakatan
2222,sosial kemasyarakatan
2223,seni
2224,seni
2225,sosial kemasyarakatan
2226,seni
2227,ekonomi dan bisnis
2228,seni
2229,hiburan
2230,hiburan
2231,hiburan
2232,hiburan
2233,ekonomi dan bisnis
2234,sosial kemasyarakatan
2235,sosial kemasyarakatan
2236,sosial kemasyarakatan
2237,media
2238,media
2239,media
2240,sosial kemasyarakatan
2241,sosial kemasyarakatan
2242,sosial kemasyarakatan
2243,ekonomi dan bisnis
2244,pendidikan dan penelitian
2245,sosial kemasyarakatan
2246,sosial kemasyarakatan
2247,sosial kemasyarakatan
2248,kesehatan
2249,kesehatan
2250,kesehatan
2251,kesehatan
2252,kesehatan
2253,sosial kemasyarakatan
2254,sosial kemasyarakatan
2255,hiburan
2256,hiburan
2257,ekonomi dan bisnis
2258,ekonomi dan bisnis
2259,hiburan
2260,media
2261,hiburan
2262,sosial kemasyarakatan
2263,sosial kemasyarakatan
2264,sosial kemasyarakatan
2265,sains dan teknologi
2266,sosial kemasyarakatan
2267,sosial kemasyarakatan
2268,hiburan
2269,hiburan
2270,ekonomi dan bisnis
2271,hobi
2272,hobi
2273,pendidikan dan penelitian
2274,hiburan
2275,hiburan
2276,hiburan
2277,hiburan
2278,hiburan
2279,hiburan
2280,hiburan
2281,pendidikan dan penelitian
2282,sosial kemasyarakatan
2283,sosial kemasyarakatan
2284,sosial kemasyarakatan
2285,hiburan
2286,hiburan
2287,hiburan
2288,hiburan
2289,hiburan
2290,sosial kemasyarakatan
2291,hiburan
2292,hiburan
2293,sains dan teknologi
2294,ekonomi dan bisnis
2295,ekonomi dan bisnis
2296,ekonomi dan bisnis
2297,ekonomi dan bisnis
2298,ekonomi dan bisnis
2299,ekonomi dan bisnis
2300,ekonomi dan bisnis
2301,ekonomi dan bisnis
2302,hobi
2303,hobi
2304,sosial kemasyarakatan
2305,sosial kemasyarakatan
2306,ekonomi dan bisnis
2307,olahraga
2308,olahraga
2309,olahraga
2310,olahraga
2311,hiburan
2312,hiburan
2313,media
2314,media
2315,media
2316,media
2317,media
2318,hiburan
2319,hiburan
2320,hiburan
2321,hiburan
2322,hiburan
2323,hiburan
2324,hiburan
2325,ekonomi dan bisnis
2326,hobi
2327,sains dan teknologi
2328,sains dan teknologi
2329,pendidikan dan penelitian
2330,pendidikan dan penelitian
2331,hiburan
2332,hiburan
2333,ekonomi dan bisnis
2334,hiburan
2335,pendidikan dan penelitian
2336,pendidikan dan penelitian
2337,hiburan
2338,hiburan
2339,hiburan
2340,hiburan
2341,hiburan
2342,hiburan
2343,hiburan
2344,hiburan
2345,hiburan
2346,hiburan
2347,hiburan
2348,kesehatan
2349,kesehatan
2350,kesehatan
2351,kesehatan
2352,media
2353,pendidikan dan penelitian
2354,pendidikan dan penelitian
2355,pendidikan dan penelitian
2356,pendidikan dan penelitian
2357,pendidikan dan penelitian
2358,pendidikan dan penelitian
2359,hiburan
2360,hiburan
2361,hiburan
2362,hiburan
2363,pendidikan dan penelitian
2364,pendidikan dan penelitian
2365,pendidikan dan penelitian
2366,pendidikan dan penelitian
2367,ekonomi dan bisnis
2368,hobi
2369,hospitality & tourism
2370,hospitality & tourism
2371,hospitality & tourism
2372,hospitality & tourism
2373,hospitality & tourism
2374,hospitality & tourism
2375,hospitality & tourism
2376,hospitality & tourism
2377,sosial kemasyarakatan
2378,sosial kemasyarakatan
2379,sosial kemasyarakatan
2380,ekonomi dan bisnis
2381,ekonomi dan bisnis
2382,pendidikan dan penelitian
2383,pendidikan dan penelitian
2384,pendidikan dan penelitian
2385,media
2386,media
2387,hiburan
2388,sains dan teknologi
2389,sains dan teknologi
2390,hobi
2391,hobi
2392,pendidikan dan penelitian
2393,pendidikan dan penelitian
2394,pendidikan dan penelitian
2395,sains dan teknologi
2396,sains dan teknologi
2397,sains dan teknologi
2398,sains dan teknologi
2399,sains dan teknologi
2400,sosial kemasyarakatan
2401,hiburan
2402,hiburan
2403,hiburan
2404,hiburan
2405,hiburan
2406,hiburan
2407,hobi
2408,sosial kemasyarakatan
2409,sosial kemasyarakatan
2410,hiburan
2411,hobi
2412,hobi
2413,hobi
2414,hobi
2415,hobi
2416,pendidikan dan penelitian
2417,hobi
2418,hobi
2419,pendidikan dan penelitian
2420,sosial kemasyarakatan
2421,sosial kemasyarakatan
2422,sosial kemasyarakatan
2423,sosial kemasyarakatan
2424,hiburan
2425,hiburan
2426,hiburan
2427,hiburan
2428,hiburan
2429,hiburan
2430,hiburan
2431,hiburan
2432,hiburan
2433,hiburan
2434,pendidikan dan penelitian
2435,pendidikan dan penelitian
2436,pendidikan dan penelitian
2437,pendidikan dan penelitian
2438,pendidikan dan penelitian
2439,pendidikan dan penelitian
2440,pendidikan dan penelitian
2441,pendidikan dan penelitian
2442,pendidikan dan penelitian
2443,ekonomi dan bisnis
2444,ekonomi dan bisnis
2445,seni
2446,seni
2447,sosial kemasyarakatan
2448,sains dan teknologi
2449,sains dan teknologi
2450,pendidikan dan penelitian
2451,media
2452,media
2453,media
2454,pendidikan dan penelitian
2455,hiburan
2456,hiburan
2457,hobi
2458,sains dan teknologi
2459,sains dan teknologi
2460,hiburan
2461,kesehatan
2462,kesehatan
2463,kesehatan
2464,kesehatan
2465,kesehatan
2466,olahraga
2467,olahraga
2468,sosial kemasyarakatan
2469,sosial kemasyarakatan
2470,sosial kemasyarakatan
2471,sosial kemasyarakatan
2472,sosial kemasyarakatan
2473,sosial kemasyarakatan
2474,pendidikan dan penelitian
2475,pendidikan dan penelitian
2476,pendidikan dan penelitian
2477,pendidikan dan penelitian
2478,pendidikan dan penelitian
2479,pendidikan dan penelitian
2480,hiburan
2481,hiburan
2482,hiburan
2483,sains dan teknologi
2484,sains dan teknologi
2485,sains dan teknologi
2486,sains dan teknologi
2487,hiburan
2488,ekonomi dan bisnis
2489,hiburan
2490,pendidikan dan penelitian
2491,hiburan
2492,pendidikan dan penelitian
2493,pendidikan dan penelitian
2494,pendidikan dan penelitian
2495,pendidikan dan penelitian
2496,pendidikan dan penelitian
2497,sosial kemasyarakatan
2498,sosial kemasyarakatan
2499,sosial kemasyarakatan
2500,sosial kemasyarakatan
2501,pendidikan dan penelitian
2502,pendidikan dan penelitian
2503,pendidikan dan penelitian
2504,ekonomi dan bisnis
2505,hiburan
2506,sains dan teknologi
2507,sains dan teknologi
2508,pendidikan dan penelitian
2509,pendidikan dan penelitian
2510,pendidikan dan penelitian
2511,sains dan teknologi
2512,sosial kemasyarakatan
2513,sosial kemasyarakatan
2514,sosial kemasyarakatan
2515,sosial kemasyarakatan
2516,sosial kemasyarakatan
2517,sosial kemasyarakatan
2518,media
2519,hiburan
2520,hiburan
2521,hiburan
2522,pendidikan dan penelitian
2523,ekonomi dan bisnis
2524,ekonomi dan bisnis
2525,ekonomi dan bisnis
2526,ekonomi dan bisnis
2527,pendidikan dan penelitian
2528,pendidikan dan penelitian
2529,sosial kemasyarakatan
2530,sosial kemasyarakatan
2531,sosial kemasyarakatan
2532,hiburan
2533,hiburan
2534,hiburan
2535,seni
2536,ekonomi dan bisnis
2537,hiburan
2538,hiburan
2539,hiburan
2540,media
2541,media
2542,media
2543,media
2544,media
2545,media
2546,media
2547,pendidikan dan penelitian
2548,pendidikan dan penelitian
2549,pendidikan dan penelitian
2550,hobi
2551,hobi
2552,hobi
2553,pendidikan dan penelitian
2554,pendidikan dan penelitian
2555,pendidikan dan penelitian
2556,sosial kemasyarakatan
2557,pendidikan dan penelitian
2558,pendidikan dan penelitian
2559,pendidikan dan penelitian
2560,hiburan
2561,media
2562,pendidikan dan penelitian
2563,pendidikan dan penelitian
2564,hiburan
2565,hiburan
2566,hiburan
2567,hiburan
2568,hiburan
2569,hiburan
2570,hiburan
2571,hobi
2572,hobi
2573,hobi
2574,hiburan
2575,hiburan
2576,hiburan
2577,hiburan
2578,hiburan
2579,hiburan
2580,hobi
2581,pendidikan dan penelitian
2582,sains dan teknologi
2583,sains dan teknologi
2584,sosial kemasyarakatan
2585,sosial kemasyarakatan
2586,ekonomi dan bisnis
2587,sosial kemasyarakatan
2588,sosial kemasyarakatan
2589,pendidikan dan penelitian
2590,hobi
2591,hobi
2592,ekonomi dan bisnis
2593,sosial kemasyarakatan
2594,sosial kemasyarakatan
2595,sosial kemasyarakatan
2596,sosial kemasyarakatan
2597,sosial kemasyarakatan
2598,pendidikan dan penelitian
2599,hiburan
2600,ekonomi dan bisnis
2601,ekonomi dan bisnis
2602,seni
2603,hiburan
2604,hiburan
2605,hiburan
2606,hiburan
2607,hiburan
2608,hiburan
2609,hiburan
2610,ekonomi dan bisnis
2611,ekonomi dan bisnis
2612,sosial kemasyarakatan
2613,sosial kemasyarakatan
2614,sosial kemasyarakatan
2615,sosial kemasyarakatan
2616,hiburan
2617,sosial kemasyarakatan
2618,hiburan
2619,hiburan
2620,hiburan
2621,ekonomi dan bisnis
2622,sosial kemasyarakatan
2623,seni
2624,hobi
2625,hobi
2626,hobi
2627,hobi
2628,sosial kemasyarakatan
2629,sosial kemasyarakatan
2630,sosial kemasyarakatan
2631,sains dan teknologi
2632,sains dan teknologi
2633,sains dan teknologi
2634,pendidikan dan penelitian
2635,pendidikan dan penelitian
2636,sosial kemasyarakatan
2637,media
2638,media
2639,media
2640,sosial kemasyarakatan
2641,sosial kemasyarakatan
2642,sosial kemasyarakatan
2643,sosial kemasyarakatan
2644,media
2645,media
2646,media
2647,pendidikan dan penelitian
2648,hiburan
2649,hiburan
2650,olahraga
2651,hiburan
2652,ekonomi dan bisnis
2653,sosial kemasyarakatan
2654,pendidikan dan penelitian
2655,ekonomi dan bisnis
2656,ekonomi dan bisnis
2657,sosial kemasyarakatan
2658,sosial kemasyarakatan
2659,sosial kemasyarakatan
2660,sosial kemasyarakatan
2661,sosial kemasyarakatan
2662,olahraga
2663,pendidikan dan penelitian
2664,hiburan
2665,hiburan
2666,hiburan
2667,hiburan
2668,sosial kemasyarakatan
2669,hiburan
2670,sosial kemasyarakatan
2671,seni
2672,seni
2673,media
2674,pendidikan dan penelitian
2675,pendidikan dan penelitian
2676,ekonomi dan bisnis
2677,pendidikan dan penelitian
2678,sosial kemasyarakatan
2679,sosial kemasyarakatan
2680,ekonomi dan bisnis
2681,ekonomi dan bisnis
2682,ekonomi dan bisnis
2683,ekonomi dan bisnis
2684,sains dan teknologi
2685,pendidikan dan penelitian
2686,pendidikan dan penelitian
2687,pendidikan dan penelitian
2688,media
2689,pendidikan dan penelitian
2690,pendidikan dan penelitian
2691,pendidikan dan penelitian
2692,sosial kemasyarakatan
2693,olahraga
2694,pendidikan dan penelitian
2695,hiburan
2696,hiburan
2697,hiburan
2698,hiburan
2699,hiburan
2700,hiburan
2701,hiburan
2702,hiburan
2703,hiburan
2704,hiburan
2705,hiburan
2706,hiburan
2707,hiburan
2708,hobi
2709,hobi
2710,hiburan
2711,ekonomi dan bisnis
2712,sosial kemasyarakatan
2713,sosial kemasyarakatan
2714,sosial kemasyarakatan
2715,sosial kemasyarakatan
2716,sosial kemasyarakatan
2717,sosial kemasyarakatan
2718,media
2719,media
2720,pendidikan dan penelitian
2721,pendidikan dan penelitian
2722,pendidikan dan penelitian
2723,pendidikan dan penelitian
2724,media
2725,sosial kemasyarakatan
2726,sosial kemasyarakatan
2727,sains dan teknologi
2728,hiburan
2729,hiburan
2730,hiburan
2731,hiburan
2732,hiburan
2733,sains dan teknologi
2734,pendidikan dan penelitian
2735,pendidikan dan penelitian
2736,pendidikan dan penelitian
2737,hospitality & tourism
2738,hospitality & tourism
2739,media
2740,media
2741,media
2742,media
2743,sains dan teknologi
2744,ekonomi dan bisnis
2745,pendidikan dan penelitian
2746,pendidikan dan penelitian
2747,pendidikan dan penelitian
2748,pendidikan dan penelitian
2749,pendidikan dan penelitian
2750,media
2751,media
2752,hiburan
2753,hiburan
2754,hiburan
2755,hiburan
2756,hiburan
2757,hiburan
2758,hiburan
2759,hiburan
2760,media
2761,media
2762,media
2763,hiburan
2764,sosial kemasyarakatan
2765,sosial kemasyarakatan
2766,hiburan
2767,hiburan
2768,sosial kemasyarakatan
2769,sosial kemasyarakatan
2770,sosial kemasyarakatan
2771,sosial kemasyarakatan
2772,sosial kemasyarakatan
2773,sosial kemasyarakatan
2774,sosial kemasyarakatan
2775,hiburan
2776,hiburan
2777,hiburan
2778,sains dan teknologi
2779,sains dan teknologi
2780,pendidikan dan penelitian
2781,pendidikan dan penelitian
2782,pendidikan dan penelitian
2783,pendidikan dan penelitian
2784,ekonomi dan bisnis
2785,sains dan teknologi
2786,sains dan teknologi
2787,sains dan teknologi
2788,sains dan teknologi
2789,kesehatan
2790,kesehatan
2791,hiburan
2792,hiburan
2793,hiburan
2794,pendidikan dan penelitian
2795,pendidikan dan penelitian
2796,sosial kemasyarakatan
2797,sosial kemasyarakatan
2798,pendidikan dan penelitian
2799,hobi
2800,hobi
2801,hobi
2802,hobi
2803,hobi
2804,hobi
2805,pendidikan dan penelitian
2806,pendidikan dan penelitian
2807,pendidikan dan penelitian
2808,olahraga
2809,olahraga
2810,hiburan
2811,hiburan
2812,hiburan
2813,hiburan
2814,hiburan
2815,hiburan
2816,hiburan
2817,hiburan
2818,hiburan
2819,pendidikan dan penelitian
2820,pendidikan dan penelitian
2821,pendidikan dan penelitian
2822,hobi
2823,sains dan teknologi
2824,sosial kemasyarakatan
2825,sosial kemasyarakatan
2826,sosial kemasyarakatan
2827,seni
2828,pendidikan dan penelitian
2829,pendidikan dan penelitian
2830,pendidikan dan penelitian
2831,pendidikan dan penelitian
2832,pendidikan dan penelitian
2833,pendidikan dan penelitian
2834,pendidikan dan penelitian
2835,pendidikan dan penelitian
2836,pendidikan dan penelitian
2837,sains dan teknologi
2838,sains dan teknologi
2839,sains dan teknologi
2840,hiburan
2841,hiburan
2842,pendidikan dan penelitian
2843,pendidikan dan penelitian
2844,hiburan
2845,hiburan
2846,hiburan
2847,ekonomi dan bisnis
2848,hiburan
2849,hiburan
2850,hiburan
2851,kesehatan
2852,media
2853,media
2854,media
2855,media
2856,hiburan
2857,pendidikan dan penelitian
2858,hobi
2859,hiburan
2860,hiburan
2861,hiburan
2862,sosial kemasyarakatan
2863,sosial kemasyarakatan
2864,sosial kemasyarakatan
2865,hiburan
2866,hiburan
2867,hobi
2868,hobi
2869,hiburan
2870,hiburan
2871,hiburan
2872,hiburan
2873,media
2874,media
2875,media
2876,media
2877,media
2878,media
2879,media
2880,hobi
2881,hobi
2882,hiburan
2883,sains dan teknologi
2884,sains dan teknologi
2885,sains dan teknologi
2886,hiburan
2887,hiburan
2888,hiburan
2889,hobi
2890,hobi
2891,hobi
2892,hobi
2893,hiburan
2894,hiburan
2895,hiburan
2896,hiburan
2897,ekonomi dan bisnis
2898,ekonomi dan bisnis
2899,ekonomi dan bisnis
2900,ekonomi dan bisnis
2901,media
2902,media
2903,sosial kemasyarakatan
2904,hiburan
2905,hiburan
2906,hiburan
2907,hiburan
2908,hiburan
2909,media
2910,hiburan
2911,hiburan
2912,hiburan
2913,hiburan
2914,hiburan
2915,hiburan
2916,hiburan
2917,hiburan
2918,hiburan
2919,hiburan
2920,hiburan
2921,hiburan
2922,sains dan teknologi
2923,sains dan teknologi
2924,sosial kemasyarakatan
2925,pendidikan dan penelitian
2926,pendidikan dan penelitian
2927,hiburan
2928,sosial kemasyarakatan
2929,sosial kemasyarakatan
2930,sosial kemasyarakatan
2931,sosial kemasyarakatan
2932,sosial kemasyarakatan
2933,sosial kemasyarakatan
2934,sosial kemasyarakatan
2935,hiburan
2936,sosial kemasyarakatan
2937,sosial kemasyarakatan
2938,sosial kemasyarakatan
2939,sosial kemasyarakatan
2940,sains dan teknologi
2941,sains dan teknologi
2942,hiburan
2943,ekonomi dan bisnis
2944,sosial kemasyarakatan
2945,hospitality & tourism
2946,hospitality & tourism
2947,hospitality & tourism
2948,hospitality & tourism
2949,pendidikan dan penelitian
2950,sosial kemasyarakatan
2951,ekonomi dan bisnis
2952,pendidikan dan penelitian
2953,pendidikan dan penelitian
2954,pendidikan dan penelitian
2955,hiburan
2956,hiburan
2957,hiburan
2958,hiburan
2959,hiburan
2960,hiburan
2961,hiburan
2962,sains dan teknologi
2963,seni
2964,pendidikan dan penelitian
2965,pendidikan dan penelitian
2966,olahraga
2967,olahraga
2968,olahraga
2969,olahraga
2970,olahraga
2971,olahraga
2972,sains dan teknologi
2973,hiburan
2974,hiburan
2975,hiburan
2976,kesehatan
2977,kesehatan
2978,pendidikan dan penelitian
2979,pendidikan dan penelitian
2980,pendidikan dan penelitian
2981,pendidikan dan penelitian
2982,sains dan teknologi
2983,sains dan teknologi
2984,media
2985,olahraga
2986,sains dan teknologi
2987,sains dan teknologi
2988,media
2989,pendidikan dan penelitian
2990,pendidikan dan penelitian
2991,pendidikan dan penelitian
2992,pendidikan dan penelitian
2993,pendidikan dan penelitian
2994,pendidikan dan penelitian
2995,sosial kemasyarakatan
2996,sosial kemasyarakatan
2997,pendidikan dan penelitian
2998,pendidikan dan penelitian
2999,pendidikan dan penelitian
3000,pendidikan dan penelitian
3001,sosial kemasyarakatan
3002,media
3003,media
3004,media
3005,media
3006,media
3007,media
3008,media
3009,media
3010,media
3011,media
3012,media
3013,media
3014,media
3015,hiburan
3016,hiburan
3017,hiburan
3018,hiburan
3019,media
3020,media
3021,pendidikan dan penelitian
3022,pendidikan dan penelitian
3023,pendidikan dan penelitian
3024,pendidikan dan penelitian
3025,pendidikan dan penelitian
3026,pendidikan dan penelitian
3027,sosial kemasyarakatan
3028,pendidikan dan penelitian
3029,pendidikan dan penelitian
3030,ekonomi dan bisnis
3031,ekonomi dan bisnis
3032,ekonomi dan bisnis
3033,sains dan teknologi
3034,sains dan teknologi
3035,sains dan teknologi
3036,pendidikan dan penelitian
3037,pendidikan dan penelitian
3038,hiburan
3039,media
3040,ekonomi dan bisnis
3041,ekonomi dan bisnis
3042,pendidikan dan penelitian
3043,hiburan
3044,hiburan
3045,hiburan
3046,media
3047,ekonomi dan bisnis
3048,media
3049,sains dan teknologi
3050,hiburan
3051,hiburan
3052,ekonomi dan bisnis
3053,ekonomi dan bisnis
3054,ekonomi dan bisnis
3055,ekonomi dan bisnis
3056,ekonomi dan bisnis
3057,kesehatan
3058,kesehatan
3059,kesehatan
3060,ekonomi dan bisnis
3061,pendidikan dan penelitian
3062,hiburan
3063,hiburan
3064,olahraga
3065,olahraga
3066,sains dan teknologi
3067,ekonomi dan bisnis
3068,sosial kemasyarakatan
3069,kesehatan
3070,hiburan
3071,hiburan
3072,hiburan
3073,ekonomi dan bisnis
3074,ekonomi dan bisnis
3075,ekonomi dan bisnis
3076,hiburan
3077,hiburan
3078,ekonomi dan bisnis
3079,media
3080,media
3081,media
3082,media
3083,media
3084,seni
3085,seni
3086,media
3087,media
3088,sosial kemasyarakatan
3089,sosial kemasyarakatan
3090,sosial kemasyarakatan
3091,pendidikan dan penelitian
3092,sosial kemasyarakatan
3093,media
3094,media
3095,hiburan
3096,hiburan
3097,pendidikan dan penelitian
3098,hiburan
3099,hiburan
3100,media
3101,hobi
3102,hobi
3103,sains dan teknologi
3104,sains dan teknologi
3105,media
3106,hiburan
3107,hiburan
3108,hiburan
3109,hiburan
3110,hiburan
3111,hiburan
3112,hiburan
3113,hiburan
3114,sains dan teknologi
3115,sains dan teknologi
3116,pendidikan dan penelitian
3117,hiburan
3118,hiburan
3119,pendidikan dan penelitian
3120,pendidikan dan penelitian
3121,pendidikan dan penelitian
3122,hiburan
3123,hiburan
3124,sosial kemasyarakatan
3125,sosial kemasyarakatan
3126,hiburan
3127,hiburan
3128,olahraga
3129,olahraga
3130,olahraga
3131,hiburan
3132,hiburan
3133,hiburan
3134,hiburan
3135,sosial kemasyarakatan
3136,hiburan
3137,hiburan
3138,hiburan
3139,hiburan
3140,hiburan
3141,media
3142,sains dan teknologi
3143,sains dan teknologi
3144,sains dan teknologi
3145,hiburan
3146,hiburan
3147,hiburan
3148,hiburan
3149,hiburan
3150,hiburan
3151,hiburan
3152,hiburan
3153,hiburan
3154,hiburan
3155,seni
3156,seni
3157,seni
3158,seni
3159,seni
3160,pendidikan dan penelitian
3161,pendidikan dan penelitian
3162,pendidikan dan penelitian
3163,pendidikan dan penelitian
3164,pendidikan dan penelitian
3165,sosial kemasyarakatan
3166,pendidikan dan penelitian
3167,pendidikan dan penelitian
3168,ekonomi dan bisnis
3169,ekonomi dan bisnis
3170,hiburan
3171,hiburan
3172,pendidikan dan penelitian
3173,hospitality & tourism
3174,hospitality & tourism
3175,pendidikan dan penelitian
3176,pendidikan dan penelitian
3177,pendidikan dan penelitian
3178,sosial kemasyarakatan
3179,sosial kemasyarakatan
3180,media
3181,media
3182,media
3183,media
3184,media
3185,media
3186,media
3187,media
3188,media
3189,media
3190,media
3191,hiburan
3192,pendidikan dan penelitian
3193,pendidikan dan penelitian
3194,pendidikan dan penelitian
3195,pendidikan dan penelitian
3196,pendidikan dan penelitian
3197,pendidikan dan penelitian
3198,pendidikan dan penelitian
3199,pendidikan dan penelitian
3200,sains dan teknologi
3201,hobi
3202,hobi
3203,hiburan
3204,sosial kemasyarakatan
3205,sosial kemasyarakatan
3206,sosial kemasyarakatan
3207,sosial kemasyarakatan
3208,sosial kemasyarakatan
3209,sosial kemasyarakatan
3210,sosial kemasyarakatan
3211,media
3212,hobi
3213,hobi
3214,pendidikan dan penelitian
3215,pendidikan dan penelitian
3216,pendidikan dan penelitian
3217,pendidikan dan penelitian
3218,pendidikan dan penelitian
3219,pendidikan dan penelitian
3220,pendidikan dan penelitian
3221,pendidikan dan penelitian
3222,pendidikan dan penelitian
3223,pendidikan dan penelitian
3224,hiburan
3225,hiburan
3226,sains dan teknologi
3227,ekonomi dan bisnis
3228,sains dan teknologi
3229,sains dan teknologi
3230,sains dan teknologi
3231,pendidikan dan penelitian
3232,pendidikan dan penelitian
3233,sains dan teknologi
3234,sains dan teknologi
3235,sains dan teknologi
3236,media
3237,media
3238,media
3239,media
3240,media
3241,media
3242,ekonomi dan bisnis
3243,hiburan
3244,media
3245,media
3246,media
3247,media
3248,media
3249,media
3250,sains dan teknologi
3251,media
3252,media
3253,media
3254,media
3255,media
3256,media
3257,hiburan
3258,hiburan
3259,hiburan
3260,ekonomi dan bisnis
3261,hiburan
3262,hiburan
3263,hiburan
3264,pendidikan dan penelitian
3265,sains dan teknologi
3266,sains dan teknologi
3267,sains dan teknologi
3268,sains dan teknologi
3269,hiburan
3270,pendidikan dan penelitian
3271,hiburan
3272,hiburan
3273,hiburan
3274,hiburan
3275,hiburan
3276,hiburan
3277,hiburan
3278,sosial kemasyarakatan
3279,pendidikan dan penelitian
3280,sains dan teknologi
3281,seni
3282,hiburan
3283,pendidikan dan penelitian
3284,pendidikan dan penelitian
3285,pendidikan dan penelitian
3286,pendidikan dan penelitian
3287,pendidikan dan penelitian
3288,hiburan
3289,hiburan
3290,hiburan
3291,hiburan
3292,hiburan
3293,pendidikan dan penelitian
3294,hiburan
3295,hiburan
3296,hiburan
3297,hiburan
3298,hiburan
3299,pendidikan dan penelitian
3300,sosial kemasyarakatan
3301,sosial kemasyarakatan
3302,hiburan
3303,hiburan
3304,sosial kemasyarakatan
3305,sains dan teknologi
3306,sains dan teknologi
3307,sains dan teknologi
3308,sosial kemasyarakatan
3309,sosial kemasyarakatan
3310,sosial kemasyarakatan
3311,sosial kemasyarakatan
3312,sosial kemasyarakatan
3313,hiburan
3314,hiburan
3315,pendidikan dan penelitian
3316,seni
3317,seni
3318,seni
3319,seni
3320,seni
3321,seni
3322,seni
3323,sosial kemasyarakatan
3324,pendidikan dan penelitian
3325,pendidikan dan penelitian
3326,sosial kemasyarakatan
3327,pendidikan dan penelitian
3328,sosial kemasyarakatan
3329,hobi
3330,hiburan
3331,hiburan
3332,hiburan
3333,hiburan
3334,hiburan
3335,hiburan
3336,hiburan
3337,pendidikan dan penelitian
3338,pendidikan dan penelitian
3339,pendidikan dan penelitian
3340,pendidikan dan penelitian
3341,pendidikan dan penelitian
3342,pendidikan dan penelitian
3343,pendidikan dan penelitian
3344,hiburan
3345,hiburan
3346,hiburan
3347,pendidikan dan penelitian
3348,pendidikan dan penelitian
3349,pendidikan dan penelitian
3350,sosial kemasyarakatan
3351,ekonomi dan bisnis
3352,pendidikan dan penelitian
3353,pendidikan dan penelitian
3354,pendidikan dan penelitian
3355,olahraga
3356,hiburan
3357,media
3358,media
3359,media
3360,media
3361,media
3362,pendidikan dan penelitian
3363,hiburan
3364,hiburan
3365,media
3366,media
3367,sosial kemasyarakatan
3368,sosial kemasyarakatan
3369,sosial kemasyarakatan
3370,sosial kemasyarakatan
3371,ekonomi dan bisnis
3372,hiburan
3373,hiburan
3374,pendidikan dan penelitian
3375,ekonomi dan bisnis
3376,ekonomi dan bisnis
3377,hiburan
3378,pendidikan dan penelitian
3379,media
3380,media
3381,pendidikan dan penelitian
3382,pendidikan dan penelitian
3383,pendidikan dan penelitian
3384,media
3385,media
3386,hiburan
3387,hiburan
3388,hobi
3389,hobi
3390,hiburan
3391,sains dan teknologi
3392,hiburan
3393,hiburan
3394,hiburan
3395,hiburan
3396,hiburan
3397,hobi
3398,hobi
3399,hobi
3400,hobi
3401,hobi
3402,pendidikan dan penelitian
3403,pendidikan dan penelitian
3404,hiburan
3405,media
3406,media
3407,media
3408,media
3409,media
3410,pendidikan dan penelitian
3411,hiburan
3412,hiburan
3413,hiburan
3414,hiburan
3415,hiburan
3416,hiburan
3417,ekonomi dan bisnis
3418,ekonomi dan bisnis
3419,ekonomi dan bisnis
3420,sosial kemasyarakatan
3421,ekonomi dan bisnis
3422,ekonomi dan bisnis
3423,ekonomi dan bisnis
3424,sosial kemasyarakatan
3425,sosial kemasyarakatan
3426,sosial kemasyarakatan
3427,sosial kemasyarakatan
3428,ekonomi dan bisnis
3429,ekonomi dan bisnis
3430,ekonomi dan bisnis
3431,ekonomi dan bisnis
3432,ekonomi dan bisnis
3433,hiburan
3434,olahraga
3435,olahraga
3436,ekonomi dan bisnis
3437,ekonomi dan bisnis
3438,hiburan
3439,hiburan
3440,hiburan
3441,hiburan
3442,pendidikan dan penelitian
3443,hiburan
3444,hiburan
3445,sosial kemasyarakatan
3446,hiburan
3447,hobi
3448,pendidikan dan penelitian
3449,pendidikan dan penelitian
3450,pendidikan dan penelitian
3451,pendidikan dan penelitian
3452,pendidikan dan penelitian
3453,sains dan teknologi
3454,pendidikan dan penelitian
3455,pendidikan dan penelitian
3456,pendidikan dan penelitian
3457,pendidikan dan penelitian
3458,pendidikan dan penelitian
3459,hobi
3460,pendidikan dan penelitian
3461,pendidikan dan penelitian
3462,pendidikan dan penelitian
3463,pendidikan dan penelitian
3464,pendidikan dan penelitian
3465,seni
3466,seni
3467,hiburan
3468,hiburan
3469,hiburan
3470,hiburan
3471,hiburan
3472,hiburan
3473,media
3474,media
3475,media
3476,hiburan
3477,hiburan
3478,hiburan
3479,hiburan
3480,hiburan
3481,hiburan
3482,hiburan
3483,hiburan
3484,pendidikan dan penelitian
3485,kesehatan
3486,kesehatan
3487,kesehatan
3488,kesehatan
3489,kesehatan
3490,hiburan
3491,pendidikan dan penelitian
3492,sosial kemasyarakatan
3493,sosial kemasyarakatan
3494,pendidikan dan penelitian
3495,media
3496,hiburan
3497,media
3498,media
3499,media
3500,media
3501,media
3502,media
3503,media
3504,media
3505,media
3506,media
3507,media
3508,hiburan
3509,hiburan
3510,pendidikan dan penelitian
3511,pendidikan dan penelitian
3512,pendidikan dan penelitian
3513,pendidikan dan penelitian
3514,pendidikan dan penelitian
3515,hobi
3516,ekonomi dan bisnis
3517,ekonomi dan bisnis
3518,sains dan teknologi
3519,sains dan teknologi
3520,ekonomi dan bisnis
3521,ekonomi dan bisnis
3522,media
3523,media
3524,media
3525,media
3526,media
3527,media
3528,hiburan
3529,hobi
3530,hobi
3531,pendidikan dan penelitian
3532,pendidikan dan penelitian
3533,sains dan teknologi
3534,sains dan teknologi
3535,sains dan teknologi
3536,sains dan teknologi
3537,sains dan teknologi
3538,hiburan
3539,hiburan
3540,sosial kemasyarakatan
3541,hiburan
3542,hiburan
3543,ekonomi dan bisnis
3544,ekonomi dan bisnis
3545,ekonomi dan bisnis
3546,hiburan
3547,hiburan
3548,seni
3549,seni
3550,ekonomi dan bisnis
3551,ekonomi dan bisnis
3552,ekonomi dan bisnis
3553,ekonomi dan bisnis
3554,ekonomi dan bisnis
3555,ekonomi dan bisnis
3556,kesehatan
3557,kesehatan
3558,sosial kemasyarakatan
3559,sosial kemasyarakatan
3560,sosial kemasyarakatan
3561,sosial kemasyarakatan
3562,hiburan
3563,hiburan
3564,hiburan
3565,hiburan
3566,hiburan
3567,sosial kemasyarakatan
3568,hiburan
3569,hiburan
3570,seni
3571,seni
3572,seni
3573,sosial kemasyarakatan
3574,sosial kemasyarakatan
3575,sosial kemasyarakatan
3576,sosial kemasyarakatan
3577,sosial kemasyarakatan
3578,sosial kemasyarakatan
3579,sains dan teknologi
3580,pendidikan dan penelitian
3581,pendidikan dan penelitian
3582,pendidikan dan penelitian
3583,sains dan teknologi
3584,media
3585,hiburan
3586,hiburan
3587,hiburan
3588,hiburan
3589,hiburan
3590,ekonomi dan bisnis
3591,media
3592,media
3593,ekonomi dan bisnis
3594,ekonomi dan bisnis
3595,hobi
3596,hiburan
3597,hiburan
3598,hiburan
3599,hiburan
3600,hiburan
3601,hiburan
3602,hiburan
3603,hiburan
3604,hiburan
3605,hiburan
3606,hiburan
3607,sosial kemasyarakatan
3608,sosial kemasyarakatan
3609,sosial kemasyarakatan
3610,sosial kemasyarakatan
3611,sosial kemasyarakatan
3612,pendidikan dan penelitian
3613,pendidikan dan penelitian
3614,pendidikan dan penelitian
3615,pendidikan dan penelitian
3616,pendidikan dan penelitian
3617,sosial kemasyarakatan
3618,hiburan
3619,media
3620,media
3621,media
3622,media
3623,media
3624,media
3625,sosial kemasyarakatan
3626,ekonomi dan bisnis
3627,ekonomi dan bisnis
3628,ekonomi dan bisnis
3629,sosial kemasyarakatan
3630,sosial kemasyarakatan
3631,sosial kemasyarakatan
3632,sosial kemasyarakatan
3633,hiburan
3634,hiburan
3635,hiburan
3636,hobi
3637,hiburan
3638,sosial kemasyarakatan
3639,sosial kemasyarakatan
3640,sosial kemasyarakatan
3641,pendidikan dan penelitian
3642,pendidikan dan penelitian
3643,seni
3644,seni
3645,seni
3646,ekonomi dan bisnis
3647,ekonomi dan bisnis
3648,ekonomi dan bisnis
3649,ekonomi dan bisnis
3650,seni
3651,seni
3652,seni
3653,seni
3654,ekonomi dan bisnis
3655,hiburan
3656,hobi
3657,hobi
3658,sosial kemasyarakatan
3659,sosial kemasyarakatan
3660,sosial kemasyarakatan
3661,sosial kemasyarakatan
3662,sosial kemasyarakatan
3663,media
3664,pendidikan dan penelitian
3665,pendidikan dan penelitian
3666,sains dan teknologi
3667,pendidikan dan penelitian
3668,pendidikan dan penelitian
3669,pendidikan dan penelitian
3670,media
3671,media
3672,hobi
3673,pendidikan dan penelitian
3674,pendidikan dan penelitian
3675,sosial kemasyarakatan
3676,hiburan
3677,pendidikan dan penelitian
3678,pendidikan dan penelitian
3679,hobi
3680,sains dan teknologi
3681,kesehatan
3682,kesehatan
3683,pendidikan dan penelitian
3684,hobi
3685,sains dan teknologi
3686,sains dan teknologi
3687,pendidikan dan penelitian
3688,pendidikan dan penelitian
3689,sosial kemasyarakatan
3690,pendidikan dan penelitian
3691,pendidikan dan penelitian
3692,pendidikan dan penelitian
3693,sains dan teknologi
3694,hiburan
3695,hiburan
3696,hiburan
3697,hiburan
3698,hiburan
3699,hobi
3700,pendidikan dan penelitian
3701,pendidikan dan penelitian
3702,pendidikan dan penelitian
3703,pendidikan dan penelitian
3704,pendidikan dan penelitian
3705,ekonomi dan bisnis
3706,seni
3707,hiburan
3708,media
3709,sains dan teknologi
3710,ekonomi dan bisnis
3711,ekonomi dan bisnis
3712,ekonomi dan bisnis
3713,sosial kemasyarakatan
3714,pendidikan dan penelitian
3715,sosial kemasyarakatan
3716,sosial kemasyarakatan
3717,hiburan
3718,sains dan teknologi
3719,sains dan teknologi
3720,sains dan teknologi
3721,hobi
3722,hobi
3723,hobi
3724,pendidikan dan penelitian
3725,hiburan
3726,hiburan
3727,hiburan
3728,media
3729,media
3730,media
3731,hiburan
3732,hiburan
3733,sosial kemasyarakatan
3734,sosial kemasyarakatan
3735,sosial kemasyarakatan
3736,hiburan
3737,hiburan
3738,sains dan teknologi
3739,sains dan teknologi
3740,media
3741,media
3742,hiburan
3743,media
3744,media
3745,media
3746,media
3747,media
3748,pendidikan dan penelitian
3749,pendidikan dan penelitian
3750,pendidikan dan penelitian
3751,pendidikan dan penelitian
3752,pendidikan dan penelitian
3753,pendidikan dan penelitian
3754,pendidikan dan penelitian
3755,hiburan
3756,hiburan
3757,pendidikan dan penelitian
3758,pendidikan dan penelitian
3759,media
3760,media
3761,media
3762,media
3763,media
3764,media
3765,ekonomi dan bisnis
3766,ekonomi dan bisnis
3767,sains dan teknologi
3768,pendidikan dan penelitian
3769,pendidikan dan penelitian
3770,pendidikan dan penelitian
3771,pendidikan dan penelitian
3772,pendidikan dan penelitian
3773,pendidikan dan penelitian
3774,pendidikan dan penelitian
3775,pendidikan dan penelitian
3776,hiburan
3777,sosial kemasyarakatan
3778,sosial kemasyarakatan
3779,sosial kemasyarakatan
3780,hiburan
3781,hiburan
3782,hiburan
3783,hiburan
3784,sosial kemasyarakatan
3785,sosial kemasyarakatan
3786,sosial kemasyarakatan
3787,seni
3788,seni
3789,seni
3790,seni
3791,seni
3792,seni
3793,seni
3794,seni
3795,seni
3796,hospitality & tourism
3797,hospitality & tourism
3798,sains dan teknologi
3799,ekonomi dan bisnis
3800,sosial kemasyarakatan
3801,media
3802,media
3803,seni
3804,ekonomi dan bisnis
3805,ekonomi dan bisnis
3806,ekonomi dan bisnis
3807,ekonomi dan bisnis
3808,sosial kemasyarakatan
3809,ekonomi dan bisnis
3810,ekonomi dan bisnis
3811,hiburan
3812,pendidikan dan penelitian
3813,pendidikan dan penelitian
3814,pendidikan dan penelitian
3815,pendidikan dan penelitian
3816,pendidikan dan penelitian
3817,pendidikan dan penelitian
3818,pendidikan dan penelitian
3819,hiburan
3820,hiburan
3821,ekonomi dan bisnis
3822,ekonomi dan bisnis
3823,hiburan
3824,hiburan
3825,hiburan
3826,hiburan
3827,hiburan
3828,media
3829,hiburan
3830,seni
3831,media
3832,media
3833,media
3834,media
3835,media
3836,hiburan
3837,hiburan
3838,hiburan
3839,hiburan
3840,pendidikan dan penelitian
3841,pendidikan dan penelitian
3842,pendidikan dan penelitian
3843,hiburan
3844,hiburan
3845,hiburan
3846,sains dan teknologi
3847,hiburan
3848,sains dan teknologi
3849,hiburan
3850,hiburan
3851,hiburan
3852,sains dan teknologi
3853,sains dan teknologi
3854,sains dan teknologi
3855,sains dan teknologi
3856,media
3857,media
3858,media
3859,ekonomi dan bisnis
3860,sosial kemasyarakatan
3861,pendidikan dan penelitian
3862,pendidikan dan penelitian
3863,pendidikan dan penelitian
3864,sains dan teknologi
3865,hiburan
3866,hiburan
3867,hiburan
3868,hiburan
3869,pendidikan dan penelitian
3870,pendidikan dan penelitian
3871,pendidikan dan penelitian
3872,pendidikan dan penelitian
3873,pendidikan dan penelitian
3874,pendidikan dan penelitian
3875,pendidikan dan penelitian
3876,sosial kemasyarakatan
3877,sosial kemasyarakatan
3878,pendidikan dan penelitian
3879,sains dan teknologi
3880,media
3881,media
3882,media
3883,media
3884,media
3885,ekonomi dan bisnis
3886,ekonomi dan bisnis
3887,sosial kemasyarakatan
3888,sosial kemasyarakatan
3889,pendidikan dan penelitian
3890,pendidikan dan penelitian
3891,pendidikan dan penelitian
3892,sains dan teknologi
3893,sains dan teknologi
3894,sains dan teknologi
3895,sains dan teknologi
3896,ekonomi dan bisnis
3897,ekonomi dan bisnis
3898,media
3899,sosial kemasyarakatan
3900,sosial kemasyarakatan
3901,pendidikan dan penelitian
3902,hiburan
3903,hiburan
3904,hiburan
3905,hiburan
3906,media
3907,media
3908,sosial kemasyarakatan
3909,media
3910,sosial kemasyarakatan
3911,sains dan teknologi
3912,sains dan teknologi
3913,sains dan teknologi
3914,pendidikan dan penelitian
3915,pendidikan dan penelitian
3916,pendidikan dan penelitian
3917,pendidikan dan penelitian
3918,pendidikan dan penelitian
3919,pendidikan dan penelitian
3920,pendidikan dan penelitian
3921,pendidikan dan penelitian
3922,sosial kemasyarakatan
3923,media
3924,pendidikan dan penelitian
3925,hiburan
3926,hiburan
3927,hiburan
3928,hiburan
3929,media
3930,media
3931,hiburan
3932,hiburan
3933,hiburan
3934,hiburan
3935,hiburan
3936,media
3937,media
3938,media
3939,media
3940,sosial kemasyarakatan
3941,sosial kemasyarakatan
3942,sosial kemasyarakatan
3943,hiburan
3944,sosial kemasyarakatan
3945,sosial kemasyarakatan
3946,pendidikan dan penelitian
3947,pendidikan dan penelitian
3948,pendidikan dan penelitian
3949,pendidikan dan penelitian
3950,pendidikan dan penelitian
3951,pendidikan dan penelitian
3952,olahraga
3953,olahraga
3954,olahraga
3955,hiburan
3956,sosial kemasyarakatan
3957,sosial kemasyarakatan
3958,hiburan
3959,hiburan
3960,ekonomi dan bisnis
3961,ekonomi dan bisnis
3962,pendidikan dan penelitian
3963,pendidikan dan penelitian
3964,pendidikan dan penelitian
3965,pendidikan dan penelitian
3966,pendidikan dan penelitian
3967,pendidikan dan penelitian
3968,sosial kemasyarakatan
3969,sosial kemasyarakatan
3970,sosial kemasyarakatan
3971,sosial kemasyarakatan
3972,sosial kemasyarakatan
3973,sosial kemasyarakatan
3974,sosial kemasyarakatan
3975,sosial kemasyarakatan
3976,hiburan
3977,hiburan
3978,hiburan
3979,hiburan
3980,hiburan
3981,hiburan
3982,hiburan
3983,pendidikan dan penelitian
3984,pendidikan dan penelitian
3985,pendidikan dan penelitian
3986,pendidikan dan penelitian
3987,pendidikan dan penelitian
3988,hiburan
3989,sosial kemasyarakatan
3990,media
3991,media
3992,sosial kemasyarakatan
3993,sosial kemasyarakatan
3994,sosial kemasyarakatan
3995,media
3996,media
3997,hobi
3998,hobi
3999,hiburan
4000,hiburan
4001,ekonomi dan bisnis
4002,hiburan
4003,hobi
4004,hospitality & tourism
4005,sains dan teknologi
4006,olahraga
4007,olahraga
4008,sosial kemasyarakatan
4009,sosial kemasyarakatan
4010,pendidikan dan penelitian
4011,ekonomi dan bisnis
4012,ekonomi dan bisnis
4013,ekonomi dan bisnis
4014,pendidikan dan penelitian
4015,pendidikan dan penelitian
4016,pendidikan dan penelitian
4017,pendidikan dan penelitian
4018,hiburan
4019,sains dan teknologi
4020,sains dan teknologi
4021,hobi
4022,hobi
4023,media
4024,hiburan
4025,hiburan
4026,hiburan
4027,hiburan
4028,hiburan
4029,hiburan
4030,sosial kemasyarakatan
4031,hiburan
4032,hiburan
4033,sosial kemasyarakatan
4034,sosial kemasyarakatan
4035,hiburan
4036,hiburan
4037,hiburan
4038,hiburan
4039,hiburan
4040,hiburan
4041,hiburan
4042,pendidikan dan penelitian
4043,pendidikan dan penelitian
4044,pendidikan dan penelitian
4045,sains dan teknologi
4046,sosial kemasyarakatan
4047,hospitality & tourism
4048,hiburan
4049,hiburan
4050,hiburan
4051,hiburan
4052,pendidikan dan penelitian
4053,pendidikan dan penelitian
4054,pendidikan dan penelitian
4055,pendidikan dan penelitian
4056,pendidikan dan penelitian
4057,pendidikan dan penelitian
4058,hiburan
4059,hiburan
4060,hiburan
4061,hiburan
4062,pendidikan dan penelitian
4063,pendidikan dan penelitian
4064,pendidikan dan penelitian
4065,pendidikan dan penelitian
4066,pendidikan dan penelitian
4067,pendidikan dan penelitian
4068,media
4069,hiburan
4070,seni
4071,pendidikan dan penelitian
4072,seni
4073,media
4074,media
4075,sains dan teknologi
4076,sains dan teknologi
4077,ekonomi dan bisnis
4078,hiburan
4079,hiburan
4080,hiburan
4081,seni
4082,seni
4083,seni
4084,ekonomi dan bisnis
4085,ekonomi dan bisnis
4086,ekonomi dan bisnis
4087,ekonomi dan bisnis
4088,hobi
4089,pendidikan dan penelitian
4090,pendidikan dan penelitian
4091,hobi
4092,sains dan teknologi
4093,sains dan teknologi
4094,sains dan teknologi
4095,pendidikan dan penelitian
4096,pendidikan dan penelitian
4097,pendidikan dan penelitian
4098,sosial kemasyarakatan
4099,sosial kemasyarakatan
4100,sosial kemasyarakatan
4101,sosial kemasyarakatan
4102,hiburan
4103,hiburan
4104,hiburan
4105,sains dan teknologi
4106,sains dan teknologi
4107,sains dan teknologi
4108,hiburan
4109,hiburan
4110,sosial kemasyarakatan
4111,sosial kemasyarakatan
4112,ekonomi dan bisnis
4113,pendidikan dan penelitian
4114,ekonomi dan bisnis
4115,ekonomi dan bisnis
4116,pendidikan dan penelitian
4117,pendidikan dan penelitian
4118,pendidikan dan penelitian
4119,pendidikan dan penelitian
4120,pendidikan dan penelitian
4121,pendidikan dan penelitian
4122,sosial kemasyarakatan
4123,sosial kemasyarakatan
4124,sosial kemasyarakatan
4125,hiburan
4126,sosial kemasyarakatan
4127,hiburan
4128,hiburan
4129,hiburan
4130,hiburan
4131,hiburan
4132,ekonomi dan bisnis
4133,sains dan teknologi
4134,pendidikan dan penelitian
4135,pendidikan dan penelitian
4136,sosial kemasyarakatan
4137,hiburan
4138,seni
4139,hiburan
4140,hiburan
4141,hiburan
4142,hiburan
4143,hiburan
4144,hiburan
4145,hiburan
4146,ekonomi dan bisnis
4147,ekonomi dan bisnis
4148,ekonomi dan bisnis
4149,ekonomi dan bisnis
4150,ekonomi dan bisnis
4151,media
4152,media
